calendar-year,setting-1,need-1,academic-year-1,setting-2,need-2,academic-year-2,avg-number-of
2018,-2,NONSEND,NONSEND,-1,A,U,5.0
2018,-2,NONSEND,NONSEND,-1,J,T,1.0
2018,-2,NONSEND,NONSEND,-1,J,U,1.0
2018,-2,NONSEND,NONSEND,-1,J,V,1.0
2018,-2,NONSEND,NONSEND,-1,J,Y,1.0
2018,-2,NONSEND,NONSEND,-1,P,U,1.0
2018,-2,NONSEND,NONSEND,-1,P,Y,3.0
2018,-1,A,U,0,A,U,1.0
2018,-1,J,U,0,B,U,1.0
2018,-1,J,U,0,J,U,1.0
2018,-1,NONSEND,NONSEND,0,A,T,1.0
2018,-1,NONSEND,NONSEND,0,A,U,3.0
2018,-1,NONSEND,NONSEND,0,A,V,1.0
2018,-1,NONSEND,NONSEND,0,B,T,15.0
2018,-1,NONSEND,NONSEND,0,B,U,5.0
2018,-1,NONSEND,NONSEND,0,B,X,1.0
2018,-1,NONSEND,NONSEND,0,B,Y,3.0
2018,-1,NONSEND,NONSEND,0,F,Y,1.0
2018,-1,NONSEND,NONSEND,0,J,T,1.0
2018,-1,NONSEND,NONSEND,0,J,Y,1.0
2018,-1,NONSEND,NONSEND,0,P,T,2.0
2018,-1,NONSEND,NONSEND,0,P,Y,1.0
2018,-1,NONSEND,NONSEND,0,Q,T,3.0
2018,-1,NONSEND,NONSEND,0,Q,W,1.0
2018,-1,P,Y,0,B,Y,1.0
2018,-1,P,Y,0,NONSEND,NONSEND,1.0
2018,-1,P,Y,0,P,Y,1.0
2018,-1,Q,U,0,B,U,1.0
2018,0,A,T,1,A,T,2.0
2018,0,A,U,1,A,U,6.0
2018,0,B,T,1,A,T,2.0
2018,0,B,T,1,B,T,14.0
2018,0,B,T,1,K,T,1.0
2018,0,B,U,1,B,U,6.0
2018,0,B,Y,1,B,Y,3.0
2018,0,F,T,1,F,T,2.0
2018,0,F,Y,1,F,Y,3.0
2018,0,J,T,1,B,T,1.0
2018,0,J,V,1,B,V,1.0
2018,0,J,Y,1,B,Y,2.0
2018,0,J,Y,1,F,Y,1.0
2018,0,J,Y,1,J,Y,1.0
2018,0,NONSEND,NONSEND,1,A,T,2.0
2018,0,NONSEND,NONSEND,1,B,T,35.0
2018,0,NONSEND,NONSEND,1,B,U,7.0
2018,0,NONSEND,NONSEND,1,B,V,1.0
2018,0,NONSEND,NONSEND,1,B,Y,2.0
2018,0,NONSEND,NONSEND,1,F,T,3.0
2018,0,NONSEND,NONSEND,1,F,Y,1.0
2018,0,NONSEND,NONSEND,1,J,Y,1.0
2018,0,NONSEND,NONSEND,1,K,T,1.0
2018,0,NONSEND,NONSEND,1,Q,U,1.0
2018,0,P,T,1,A,T,2.0
2018,0,P,T,1,B,T,1.0
2018,0,Q,T,1,A,T,1.0
2018,0,Q,T,1,B,T,5.0
2018,0,Q,U,1,B,U,1.0
2018,1,A,T,2,A,T,4.0
2018,1,A,U,2,A,U,7.0
2018,1,B,T,2,A,T,5.0
2018,1,B,T,2,B,T,31.0
2018,1,B,T,2,NONSEND,NONSEND,2.0
2018,1,B,U,2,B,U,18.0
2018,1,B,U,2,J,U,1.0
2018,1,B,U,2,L,U,1.0
2018,1,B,V,2,B,V,4.0
2018,1,B,W,2,B,W,1.0
2018,1,B,Y,2,B,Y,4.0
2018,1,F,T,2,F,T,3.0
2018,1,F,Y,2,A,Y,1.0
2018,1,F,Y,2,F,Y,7.0
2018,1,J,T,2,J,T,1.0
2018,1,NONSEND,NONSEND,2,B,T,25.0
2018,1,NONSEND,NONSEND,2,B,U,5.0
2018,1,NONSEND,NONSEND,2,B,X,3.0
2018,1,NONSEND,NONSEND,2,B,Y,2.0
2018,1,NONSEND,NONSEND,2,F,T,3.0
2018,1,NONSEND,NONSEND,2,F,U,1.0
2018,1,NONSEND,NONSEND,2,F,Y,2.0
2018,1,NONSEND,NONSEND,2,I,T,1.0
2018,2,A,T,3,A,T,15.0
2018,2,A,T,3,NONSEND,NONSEND,1.0
2018,2,A,U,3,A,U,12.0
2018,2,A,Y,3,A,Y,2.0
2018,2,A,Y,3,NONSEND,NONSEND,1.0
2018,2,B,T,3,A,T,4.0
2018,2,B,T,3,B,T,61.0
2018,2,B,T,3,F,T,1.0
2018,2,B,T,3,J,T,1.0
2018,2,B,T,3,NONSEND,NONSEND,2.0
2018,2,B,U,3,B,U,17.0
2018,2,B,X,3,B,X,1.0
2018,2,B,Y,3,B,Y,7.0
2018,2,F,T,3,A,T,1.0
2018,2,F,T,3,E,T,1.0
2018,2,F,T,3,F,T,8.0
2018,2,F,Y,3,F,Y,4.0
2018,2,I,T,3,I,T,1.0
2018,2,J,U,3,J,U,4.0
2018,2,NONSEND,NONSEND,3,B,T,13.0
2018,2,NONSEND,NONSEND,3,B,U,4.0
2018,2,NONSEND,NONSEND,3,B,X,1.0
2018,2,NONSEND,NONSEND,3,B,Y,1.0
2018,2,NONSEND,NONSEND,3,F,T,1.0
2018,2,R,U,3,R,U,1.0
2018,3,A,T,4,A,T,17.0
2018,3,A,U,4,A,U,14.0
2018,3,A,X,4,A,X,3.0
2018,3,A,Y,4,A,Y,2.0
2018,3,B,T,4,A,T,1.0
2018,3,B,T,4,B,T,48.0
2018,3,B,T,4,F,T,1.0
2018,3,B,T,4,NONSEND,NONSEND,3.0
2018,3,B,U,4,A,U,1.0
2018,3,B,U,4,B,U,21.0
2018,3,B,U,4,J,U,1.0
2018,3,B,U,4,NONSEND,NONSEND,1.0
2018,3,B,V,4,B,V,2.0
2018,3,B,X,4,B,X,2.0
2018,3,B,Y,4,B,Y,7.0
2018,3,F,T,4,B,T,1.0
2018,3,F,T,4,F,T,6.0
2018,3,F,Y,4,F,Y,5.0
2018,3,G,Y,4,G,Y,2.0
2018,3,I,X,4,I,X,1.0
2018,3,J,U,4,J,U,2.0
2018,3,J,V,4,B,V,1.0
2018,3,K,U,4,K,U,1.0
2018,3,L,T,4,L,T,2.0
2018,3,L,Y,4,NONSEND,NONSEND,2.0
2018,3,NONSEND,NONSEND,4,A,X,1.0
2018,3,NONSEND,NONSEND,4,B,T,7.0
2018,3,NONSEND,NONSEND,4,B,U,2.0
2018,3,NONSEND,NONSEND,4,B,X,3.0
2018,3,NONSEND,NONSEND,4,B,Y,1.0
2018,3,NONSEND,NONSEND,4,R,U,1.0
2018,4,A,T,5,A,T,15.0
2018,4,A,U,5,A,U,1.0
2018,4,A,X,5,A,X,3.0
2018,4,A,Y,5,A,Y,3.0
2018,4,B,T,5,A,T,2.0
2018,4,B,T,5,B,T,63.0
2018,4,B,T,5,L,T,1.0
2018,4,B,U,5,B,U,9.0
2018,4,B,X,5,B,X,7.0
2018,4,B,Y,5,B,Y,6.0
2018,4,E,T,5,E,T,1.0
2018,4,E,U,5,E,U,2.0
2018,4,F,T,5,F,T,6.0
2018,4,F,Y,5,F,Y,11.0
2018,4,H,T,5,H,T,1.0
2018,4,I,V,5,I,V,2.0
2018,4,I,X,5,I,X,2.0
2018,4,J,U,5,J,U,1.0
2018,4,K,T,5,K,T,1.0
2018,4,L,U,5,L,U,1.0
2018,4,L,X,5,L,X,2.0
2018,4,NONSEND,NONSEND,5,A,X,1.0
2018,4,NONSEND,NONSEND,5,B,T,5.0
2018,4,NONSEND,NONSEND,5,B,U,3.0
2018,4,NONSEND,NONSEND,5,B,X,1.0
2018,4,NONSEND,NONSEND,5,B,Y,1.0
2018,4,NONSEND,NONSEND,5,E,T,1.0
2018,4,NONSEND,NONSEND,5,F,T,1.0
2018,4,R,T,5,R,T,2.0
2018,5,A,T,6,A,T,23.0
2018,5,A,U,6,A,U,11.0
2018,5,A,X,6,A,X,3.0
2018,5,A,Y,6,A,Y,1.0
2018,5,B,T,6,B,T,60.0
2018,5,B,T,6,NONSEND,NONSEND,2.0
2018,5,B,U,6,B,U,12.0
2018,5,B,X,6,B,X,5.0
2018,5,B,Y,6,B,Y,6.0
2018,5,E,T,6,E,T,2.0
2018,5,F,T,6,F,T,12.0
2018,5,F,Y,6,F,Y,3.0
2018,5,H,T,6,H,T,4.0
2018,5,I,U,6,I,U,2.0
2018,5,I,V,6,I,V,1.0
2018,5,J,T,6,J,T,1.0
2018,5,J,U,6,J,U,1.0
2018,5,K,T,6,K,T,1.0
2018,5,L,T,6,L,T,1.0
2018,5,L,U,6,L,U,1.0
2018,5,NONSEND,NONSEND,6,A,T,1.0
2018,5,NONSEND,NONSEND,6,A,X,1.0
2018,5,NONSEND,NONSEND,6,B,T,7.0
2018,5,NONSEND,NONSEND,6,B,U,3.0
2018,5,NONSEND,NONSEND,6,B,X,1.0
2018,5,NONSEND,NONSEND,6,B,Y,1.0
2018,6,A,T,7,A,T,23.0
2018,6,A,U,7,A,U,7.0
2018,6,A,X,7,A,X,3.0
2018,6,A,Y,7,A,Y,2.0
2018,6,B,T,7,A,T,2.0
2018,6,B,T,7,B,T,79.0
2018,6,B,T,7,L,T,2.0
2018,6,B,T,7,NONSEND,NONSEND,1.0
2018,6,B,U,7,A,U,1.0
2018,6,B,U,7,B,U,14.0
2018,6,B,V,7,B,V,3.0
2018,6,B,X,7,B,X,7.0
2018,6,B,X,7,E,X,1.0
2018,6,B,X,7,NONSEND,NONSEND,1.0
2018,6,B,Y,7,B,Y,8.0
2018,6,E,V,7,E,V,1.0
2018,6,E,X,7,E,X,1.0
2018,6,F,T,7,A,T,1.0
2018,6,F,T,7,F,T,8.0
2018,6,F,U,7,F,U,2.0
2018,6,F,Y,7,F,Y,3.0
2018,6,G,U,7,G,U,2.0
2018,6,G,Y,7,G,Y,1.0
2018,6,L,T,7,L,T,2.0
2018,6,L,U,7,L,U,1.0
2018,6,L,Y,7,NONSEND,NONSEND,1.0
2018,6,NONSEND,NONSEND,7,A,T,1.0
2018,6,NONSEND,NONSEND,7,A,U,1.0
2018,6,NONSEND,NONSEND,7,A,X,2.0
2018,6,NONSEND,NONSEND,7,B,T,4.0
2018,6,NONSEND,NONSEND,7,B,U,2.0
2018,6,NONSEND,NONSEND,7,B,X,2.0
2018,6,NONSEND,NONSEND,7,B,Y,1.0
2018,6,O,Y,7,O,Y,1.0
2018,7,A,T,8,A,T,18.0
2018,7,A,U,8,A,U,7.0
2018,7,A,X,8,A,X,1.0
2018,7,A,X,8,B,X,2.0
2018,7,A,X,8,D,X,2.0
2018,7,B,T,8,A,T,2.0
2018,7,B,T,8,B,T,59.0
2018,7,B,T,8,G,T,1.0
2018,7,B,T,8,I,T,1.0
2018,7,B,T,8,NONSEND,NONSEND,1.0
2018,7,B,U,8,A,U,1.0
2018,7,B,U,8,B,U,14.0
2018,7,B,V,8,B,V,1.0
2018,7,B,X,8,B,X,5.0
2018,7,B,Y,8,B,Y,6.0
2018,7,B,Y,8,F,Y,1.0
2018,7,B,Y,8,G,Y,1.0
2018,7,B,Y,8,I,Y,1.0
2018,7,D,X,8,D,X,1.0
2018,7,E,T,8,E,T,1.0
2018,7,F,T,8,B,T,3.0
2018,7,F,T,8,F,T,1.0
2018,7,F,T,8,NONSEND,NONSEND,1.0
2018,7,F,Y,8,F,Y,3.0
2018,7,H,U,8,H,U,1.0
2018,7,J,U,8,J,U,2.0
2018,7,K,T,8,K,T,1.0
2018,7,L,T,8,L,T,1.0
2018,7,L,U,8,L,U,1.0
2018,7,NONSEND,NONSEND,8,B,T,2.0
2018,7,NONSEND,NONSEND,8,B,U,2.0
2018,7,NONSEND,NONSEND,8,B,X,2.0
2018,7,NONSEND,NONSEND,8,B,Y,1.0
2018,7,NONSEND,NONSEND,8,J,V,1.0
2018,7,NONSEND,NONSEND,8,L,T,1.0
2018,7,O,Y,8,O,Y,1.0
2018,7,R,U,8,R,U,1.0
2018,7,R,W,8,R,W,1.0
2018,8,A,T,9,A,T,19.0
2018,8,A,T,9,E,T,1.0
2018,8,A,U,9,A,U,2.0
2018,8,A,V,9,A,V,1.0
2018,8,A,X,9,A,X,1.0
2018,8,A,X,9,NONSEND,NONSEND,1.0
2018,8,A,Y,9,A,Y,1.0
2018,8,B,T,9,A,T,1.0
2018,8,B,T,9,B,T,48.0
2018,8,B,T,9,G,T,1.0
2018,8,B,T,9,J,T,1.0
2018,8,B,T,9,NONSEND,NONSEND,1.0
2018,8,B,U,9,B,U,27.0
2018,8,B,V,9,B,V,2.0
2018,8,B,X,9,A,X,1.0
2018,8,B,X,9,B,X,6.0
2018,8,B,X,9,J,X,1.0
2018,8,B,X,9,NONSEND,NONSEND,1.0
2018,8,B,Y,9,B,Y,8.0
2018,8,B,Y,9,H,Y,1.0
2018,8,D,X,9,D,X,4.0
2018,8,D,X,9,J,X,1.0
2018,8,D,X,9,NONSEND,NONSEND,1.0
2018,8,E,T,9,E,T,4.0
2018,8,F,Y,9,F,Y,3.0
2018,8,F,Y,9,NONSEND,NONSEND,1.0
2018,8,G,T,9,G,T,1.0
2018,8,I,T,9,I,T,3.0
2018,8,I,U,9,I,U,1.0
2018,8,I,Y,9,I,Y,3.0
2018,8,J,U,9,J,U,3.0
2018,8,J,Y,9,J,Y,1.0
2018,8,K,T,9,K,T,1.0
2018,8,NONSEND,NONSEND,9,B,U,1.0
2018,8,NONSEND,NONSEND,9,B,V,1.0
2018,8,NONSEND,NONSEND,9,B,X,1.0
2018,8,NONSEND,NONSEND,9,D,X,1.0
2018,8,NONSEND,NONSEND,9,N,X,1.0
2018,8,R,W,9,R,W,1.0
2018,9,A,T,10,A,T,12.0
2018,9,A,U,10,A,U,6.0
2018,9,A,V,10,A,V,1.0
2018,9,A,X,10,A,X,1.0
2018,9,B,T,10,B,T,41.0
2018,9,B,T,10,NONSEND,NONSEND,1.0
2018,9,B,U,10,B,U,26.0
2018,9,B,U,10,E,U,1.0
2018,9,B,V,10,B,V,1.0
2018,9,B,X,10,B,X,5.0
2018,9,B,X,10,D,X,1.0
2018,9,B,Y,10,B,Y,12.0
2018,9,D,X,10,D,X,2.0
2018,9,E,T,10,E,T,1.0
2018,9,F,Y,10,F,Y,3.0
2018,9,G,T,10,G,T,1.0
2018,9,H,X,10,H,X,1.0
2018,9,I,Y,10,I,Y,1.0
2018,9,J,T,10,J,T,3.0
2018,9,J,U,10,J,U,1.0
2018,9,J,X,10,J,X,1.0
2018,9,L,X,10,L,X,1.0
2018,9,L,Y,10,L,Y,1.0
2018,9,NONSEND,NONSEND,10,B,T,1.0
2018,9,NONSEND,NONSEND,10,B,U,1.0
2018,9,NONSEND,NONSEND,10,B,X,1.0
2018,9,NONSEND,NONSEND,10,L,U,1.0
2018,9,NONSEND,NONSEND,10,R,X,2.0
2018,10,A,T,11,A,T,16.0
2018,10,A,U,11,A,U,13.0
2018,10,A,V,11,A,V,1.0
2018,10,A,X,11,A,X,3.0
2018,10,A,Y,11,A,Y,1.0
2018,10,B,T,11,B,T,62.0
2018,10,B,T,11,E,T,1.0
2018,10,B,U,11,B,U,17.0
2018,10,B,U,11,K,U,1.0
2018,10,B,U,11,N,U,1.0
2018,10,B,V,11,B,V,2.0
2018,10,B,X,11,B,X,7.0
2018,10,B,X,11,G,X,1.0
2018,10,B,X,11,I,X,1.0
2018,10,B,Y,11,B,Y,4.0
2018,10,E,X,11,E,X,1.0
2018,10,F,Y,11,F,Y,6.0
2018,10,H,T,11,H,T,4.0
2018,10,H,U,11,H,U,1.0
2018,10,H,X,11,H,X,1.0
2018,10,H,Y,11,H,Y,2.0
2018,10,I,T,11,I,T,2.0
2018,10,J,U,11,J,U,2.0
2018,10,J,X,11,J,X,2.0
2018,10,L,T,11,L,T,7.0
2018,10,L,U,11,L,U,5.0
2018,10,L,X,11,L,X,1.0
2018,10,L,Y,11,L,Y,2.0
2018,10,N,X,11,N,X,5.0
2018,10,NONSEND,NONSEND,11,B,T,1.0
2018,10,NONSEND,NONSEND,11,B,U,1.0
2018,10,NONSEND,NONSEND,11,B,X,1.0
2018,10,NONSEND,NONSEND,11,N,X,1.0
2018,10,NONSEND,NONSEND,11,R,W,1.0
2018,10,NONSEND,NONSEND,11,R,X,2.0
2018,10,R,W,11,R,W,2.0
2018,10,R,X,11,R,X,2.0
2018,11,A,T,12,A,T,7.0
2018,11,A,U,12,A,U,13.0
2018,11,A,V,12,A,V,3.0
2018,11,A,W,12,A,W,2.0
2018,11,B,T,12,B,T,47.0
2018,11,B,T,12,J,T,2.0
2018,11,B,T,12,NONSEND,NONSEND,1.0
2018,11,B,U,12,B,U,14.0
2018,11,B,V,12,B,V,1.0
2018,11,B,W,12,B,W,3.0
2018,11,B,X,12,B,X,7.0
2018,11,B,X,12,N,X,1.0
2018,11,B,X,12,NONSEND,NONSEND,1.0
2018,11,B,Y,12,B,Y,5.0
2018,11,C,T,12,C,T,1.0
2018,11,D,X,12,D,X,1.0
2018,11,E,U,12,E,U,1.0
2018,11,E,X,12,E,X,1.0
2018,11,F,Y,12,F,Y,1.0
2018,11,G,X,12,G,X,3.0
2018,11,H,T,12,H,T,2.0
2018,11,H,U,12,H,U,1.0
2018,11,H,X,12,H,X,2.0
2018,11,J,X,12,J,X,1.0
2018,11,K,T,12,K,T,1.0
2018,11,K,X,12,K,X,1.0
2018,11,L,T,12,C,T,1.0
2018,11,L,T,12,L,T,3.0
2018,11,N,U,12,N,U,1.0
2018,11,N,X,12,N,X,2.0
2018,11,NONSEND,NONSEND,12,B,U,1.0
2018,11,NONSEND,NONSEND,12,B,X,1.0
2018,11,NONSEND,NONSEND,12,N,X,1.0
2018,11,NONSEND,NONSEND,12,R,X,1.0
2018,11,R,U,12,R,U,3.0
2018,11,R,W,12,NONSEND,NONSEND,2.0
2018,11,R,W,12,R,W,1.0
2018,11,R,X,12,NONSEND,NONSEND,1.0
2018,11,R,X,12,R,X,6.0
2018,12,A,T,13,A,T,9.0
2018,12,A,U,13,A,U,6.0
2018,12,A,X,13,A,X,2.0
2018,12,A,X,13,NONSEND,NONSEND,4.0
2018,12,B,T,13,B,T,22.0
2018,12,B,T,13,J,T,1.0
2018,12,B,T,13,NONSEND,NONSEND,12.0
2018,12,B,T,13,S,T,4.0
2018,12,B,U,13,B,U,12.0
2018,12,B,U,13,NONSEND,NONSEND,4.0
2018,12,B,U,13,S,U,1.0
2018,12,B,V,13,B,V,5.0
2018,12,B,V,13,NONSEND,NONSEND,1.0
2018,12,B,W,13,B,W,1.0
2018,12,B,W,13,NONSEND,NONSEND,1.0
2018,12,B,X,13,B,X,2.0
2018,12,B,X,13,N,X,1.0
2018,12,B,X,13,NONSEND,NONSEND,5.0
2018,12,B,X,13,S,X,1.0
2018,12,B,Y,13,B,Y,5.0
2018,12,B,Y,13,NONSEND,NONSEND,1.0
2018,12,D,X,13,D,X,4.0
2018,12,E,T,13,E,T,3.0
2018,12,F,Y,13,F,Y,1.0
2018,12,F,Y,13,NONSEND,NONSEND,2.0
2018,12,G,T,13,G,T,1.0
2018,12,G,T,13,NONSEND,NONSEND,1.0
2018,12,G,X,13,G,X,3.0
2018,12,H,T,13,H,T,3.0
2018,12,H,U,13,H,U,2.0
2018,12,H,X,13,H,X,1.0
2018,12,I,T,13,I,T,2.0
2018,12,J,T,13,J,T,2.0
2018,12,J,T,13,NONSEND,NONSEND,1.0
2018,12,J,X,13,NONSEND,NONSEND,1.0
2018,12,K,T,13,K,T,3.0
2018,12,K,T,13,NONSEND,NONSEND,1.0
2018,12,K,U,13,K,U,1.0
2018,12,L,T,13,C,T,1.0
2018,12,L,T,13,L,T,1.0
2018,12,L,U,13,L,U,1.0
2018,12,L,Y,13,L,Y,1.0
2018,12,M,Y,13,M,Y,1.0
2018,12,N,U,13,A,U,1.0
2018,12,N,U,13,NONSEND,NONSEND,2.0
2018,12,NONSEND,NONSEND,13,B,U,1.0
2018,12,NONSEND,NONSEND,13,N,X,1.0
2018,12,NONSEND,NONSEND,13,R,T,1.0
2018,12,NONSEND,NONSEND,13,R,U,1.0
2018,12,R,W,13,R,W,1.0
2018,12,R,X,13,NONSEND,NONSEND,1.0
2018,13,A,T,14,A,T,6.0
2018,13,A,T,14,NONSEND,NONSEND,1.0
2018,13,A,U,14,A,U,7.0
2018,13,A,X,14,A,X,1.0
2018,13,A,X,14,NONSEND,NONSEND,1.0
2018,13,B,T,14,B,T,9.0
2018,13,B,T,14,NONSEND,NONSEND,3.0
2018,13,B,U,14,B,U,7.0
2018,13,B,U,14,NONSEND,NONSEND,5.0
2018,13,B,V,14,B,V,1.0
2018,13,B,V,14,NONSEND,NONSEND,1.0
2018,13,B,W,14,B,W,1.0
2018,13,B,X,14,B,X,1.0
2018,13,B,Y,14,B,Y,7.0
2018,13,B,Y,14,NONSEND,NONSEND,1.0
2018,13,D,X,14,D,X,2.0
2018,13,E,T,14,E,T,1.0
2018,13,E,X,14,E,X,1.0
2018,13,E,X,14,NONSEND,NONSEND,1.0
2018,13,F,Y,14,NONSEND,NONSEND,1.0
2018,13,H,T,14,H,T,4.0
2018,13,I,T,14,I,T,1.0
2018,13,J,X,14,J,X,1.0
2018,13,K,U,14,K,U,2.0
2018,13,K,U,14,NONSEND,NONSEND,1.0
2018,13,K,X,14,NONSEND,NONSEND,1.0
2018,13,L,U,14,L,U,2.0
2018,13,L,U,14,NONSEND,NONSEND,1.0
2018,13,L,Y,14,L,Y,2.0
2018,13,L,Y,14,NONSEND,NONSEND,1.0
2018,13,N,T,14,N,T,2.0
2018,13,N,T,14,NONSEND,NONSEND,1.0
2018,13,N,X,14,N,X,3.0
2018,13,N,X,14,NONSEND,NONSEND,1.0
2018,13,R,T,14,R,T,4.0
2018,13,R,W,14,R,W,1.0
2018,13,R,X,14,NONSEND,NONSEND,1.0
2018,13,S,T,14,S,T,3.0
2018,13,S,U,14,S,U,2.0
2018,13,S,X,14,NONSEND,NONSEND,1.0
2018,13,S,X,14,S,X,5.0
2018,13,S,Y,14,S,Y,2.0
2018,14,A,T,15,A,T,1.0
2018,14,A,U,15,A,U,5.0
2018,14,A,U,15,NONSEND,NONSEND,2.0
2018,14,A,X,15,A,X,3.0
2018,14,A,X,15,NONSEND,NONSEND,1.0
2018,14,A,Y,15,A,Y,1.0
2018,14,B,T,15,B,T,5.0
2018,14,B,T,15,NONSEND,NONSEND,5.0
2018,14,B,T,15,S,T,1.0
2018,14,B,U,15,B,U,4.0
2018,14,B,U,15,NONSEND,NONSEND,4.0
2018,14,B,U,15,S,U,2.0
2018,14,B,V,15,B,V,1.0
2018,14,B,W,15,B,W,5.0
2018,14,B,W,15,NONSEND,NONSEND,1.0
2018,14,B,W,15,S,W,1.0
2018,14,B,X,15,NONSEND,NONSEND,2.0
2018,14,B,Y,15,B,Y,1.0
2018,14,B,Y,15,NONSEND,NONSEND,2.0
2018,14,B,Y,15,S,Y,1.0
2018,14,E,T,15,E,T,1.0
2018,14,E,V,15,E,V,1.0
2018,14,E,X,15,NONSEND,NONSEND,1.0
2018,14,G,T,15,G,T,1.0
2018,14,G,T,15,J,T,1.0
2018,14,G,U,15,G,U,1.0
2018,14,G,X,15,G,X,1.0
2018,14,H,T,15,H,T,2.0
2018,14,H,U,15,H,U,5.0
2018,14,H,U,15,NONSEND,NONSEND,1.0
2018,14,I,T,15,I,T,1.0
2018,14,I,V,15,I,V,2.0
2018,14,J,V,15,J,V,1.0
2018,14,L,T,15,L,T,4.0
2018,14,L,T,15,NONSEND,NONSEND,1.0
2018,14,L,X,15,L,X,3.0
2018,14,L,X,15,NONSEND,NONSEND,1.0
2018,14,L,Y,15,L,Y,1.0
2018,14,N,T,15,N,T,1.0
2018,14,N,W,15,N,W,1.0
2018,14,N,X,15,N,X,3.0
2018,14,R,U,15,NONSEND,NONSEND,1.0
2018,14,S,T,15,NONSEND,NONSEND,2.0
2018,14,S,T,15,S,T,4.0
2018,14,S,U,15,S,U,1.0
2018,14,S,Y,15,S,Y,2.0
2018,15,A,T,16,A,T,1.0
2018,15,A,T,16,NONSEND,NONSEND,3.0
2018,15,A,T,16,S,T,2.0
2018,15,A,U,16,NONSEND,NONSEND,3.0
2018,15,A,U,16,S,U,2.0
2018,15,A,X,16,NONSEND,NONSEND,1.0
2018,15,A,Y,16,NONSEND,NONSEND,2.0
2018,15,B,T,16,B,T,1.0
2018,15,B,T,16,NONSEND,NONSEND,4.0
2018,15,B,U,16,NONSEND,NONSEND,1.0
2018,15,B,U,16,S,U,1.0
2018,15,B,Y,16,NONSEND,NONSEND,2.0
2018,15,C,T,16,C,T,1.0
2018,15,C,T,16,NONSEND,NONSEND,1.0
2018,15,C,U,16,NONSEND,NONSEND,1.0
2018,15,F,X,16,NONSEND,NONSEND,1.0
2018,15,G,V,16,NONSEND,NONSEND,1.0
2018,15,H,T,16,NONSEND,NONSEND,1.0
2018,15,H,U,16,NONSEND,NONSEND,1.0
2018,15,I,V,16,NONSEND,NONSEND,1.0
2018,15,I,X,16,I,X,1.0
2018,15,J,X,16,NONSEND,NONSEND,1.0
2018,15,K,U,16,NONSEND,NONSEND,1.0
2018,15,L,T,16,NONSEND,NONSEND,1.0
2018,15,L,U,16,NONSEND,NONSEND,1.0
2018,15,L,Y,16,L,Y,1.0
2018,15,L,Y,16,S,Y,2.0
2018,15,N,T,16,NONSEND,NONSEND,1.0
2018,15,N,X,16,N,X,2.0
2018,15,N,X,16,NONSEND,NONSEND,1.0
2018,15,N,X,16,S,X,1.0
2018,15,R,T,16,NONSEND,NONSEND,4.0
2018,15,S,T,16,J,T,1.0
2018,15,S,T,16,NONSEND,NONSEND,1.0
2018,15,S,T,16,S,T,1.0
2018,15,S,U,16,J,U,1.0
2018,15,S,U,16,NONSEND,NONSEND,2.0
2018,15,S,U,16,S,U,1.0
2018,15,S,V,16,J,V,1.0
2018,15,S,V,16,NONSEND,NONSEND,2.0
2018,15,S,V,16,S,V,1.0
2018,15,S,W,16,NONSEND,NONSEND,1.0
2018,15,S,W,16,S,W,1.0
2018,15,S,Y,16,NONSEND,NONSEND,1.0
2018,16,B,T,17,B,T,1.0
2018,16,C,T,17,C,T,1.0
2018,16,C,T,17,NONSEND,NONSEND,1.0
2018,16,G,T,17,G,T,1.0
2018,16,I,X,17,NONSEND,NONSEND,1.0
2018,16,J,T,17,J,T,1.0
2018,16,J,U,17,J,U,1.0
2018,16,N,X,17,N,X,1.0
2018,16,S,T,17,J,T,3.0
2018,16,S,T,17,NONSEND,NONSEND,1.0
2018,16,S,T,17,S,T,2.0
2018,16,S,U,17,S,U,3.0
2018,16,S,W,17,S,W,1.0
2018,16,S,Y,17,S,Y,4.0
2018,17,B,T,18,B,T,3.0
2018,17,B,U,18,B,U,1.0
2018,17,J,T,18,J,T,1.0
2018,17,J,U,18,J,U,1.0
2018,17,NONSEND,NONSEND,18,N,X,1.0
2018,17,NONSEND,NONSEND,18,S,T,1.0
2018,17,S,T,18,S,T,1.0
2018,17,S,U,18,S,U,3.0
2018,17,S,W,18,NONSEND,NONSEND,1.0
2018,17,S,W,18,S,W,9.0
2018,17,S,Y,18,S,Y,5.0
2018,18,N,V,19,NONSEND,NONSEND,2.0
2018,18,N,X,19,NONSEND,NONSEND,2.0
2018,18,S,T,19,NONSEND,NONSEND,3.0
2018,18,S,Y,19,NONSEND,NONSEND,2.0
2018,19,S,T,20,NONSEND,NONSEND,1.0
2018,19,S,T,20,S,T,1.0
2018,19,S,Y,20,NONSEND,NONSEND,1.0
2018,20,S,V,21,NONSEND,NONSEND,1.0
2019,-2,NONSEND,NONSEND,-1,A,U,5.0
2019,-2,NONSEND,NONSEND,-1,J,T,1.0
2019,-2,NONSEND,NONSEND,-1,J,U,1.0
2019,-2,NONSEND,NONSEND,-1,J,Y,1.0
2019,-2,NONSEND,NONSEND,-1,P,U,2.0
2019,-2,NONSEND,NONSEND,-1,P,Y,3.0
2019,-2,NONSEND,NONSEND,-1,Q,U,1.0
2019,-1,A,U,0,A,U,5.0
2019,-1,J,T,0,B,T,1.0
2019,-1,J,U,0,J,U,1.0
2019,-1,NONSEND,NONSEND,0,A,T,1.0
2019,-1,NONSEND,NONSEND,0,A,U,3.0
2019,-1,NONSEND,NONSEND,0,B,T,15.0
2019,-1,NONSEND,NONSEND,0,B,U,5.0
2019,-1,NONSEND,NONSEND,0,B,X,1.0
2019,-1,NONSEND,NONSEND,0,B,Y,3.0
2019,-1,NONSEND,NONSEND,0,F,T,1.0
2019,-1,NONSEND,NONSEND,0,F,Y,1.0
2019,-1,NONSEND,NONSEND,0,J,T,1.0
2019,-1,NONSEND,NONSEND,0,J,Y,1.0
2019,-1,NONSEND,NONSEND,0,P,T,2.0
2019,-1,NONSEND,NONSEND,0,P,Y,1.0
2019,-1,NONSEND,NONSEND,0,Q,T,3.0
2019,-1,NONSEND,NONSEND,0,Q,W,1.0
2019,-1,P,U,0,B,U,1.0
2019,-1,P,Y,0,B,Y,1.0
2019,-1,P,Y,0,NONSEND,NONSEND,1.0
2019,-1,P,Y,0,P,Y,1.0
2019,0,A,T,1,A,T,1.0
2019,0,A,U,1,A,U,4.0
2019,0,B,T,1,A,T,2.0
2019,0,B,T,1,B,T,12.0
2019,0,B,U,1,B,U,6.0
2019,0,B,Y,1,B,Y,4.0
2019,0,F,Y,1,F,Y,2.0
2019,0,J,U,1,J,U,1.0
2019,0,NONSEND,NONSEND,1,A,T,2.0
2019,0,NONSEND,NONSEND,1,B,T,33.0
2019,0,NONSEND,NONSEND,1,B,U,6.0
2019,0,NONSEND,NONSEND,1,B,V,1.0
2019,0,NONSEND,NONSEND,1,B,Y,2.0
2019,0,NONSEND,NONSEND,1,F,T,3.0
2019,0,NONSEND,NONSEND,1,F,Y,1.0
2019,0,NONSEND,NONSEND,1,J,Y,1.0
2019,0,NONSEND,NONSEND,1,K,T,1.0
2019,0,NONSEND,NONSEND,1,Q,U,1.0
2019,0,P,T,1,A,T,1.0
2019,0,P,Y,1,F,Y,1.0
2019,0,Q,T,1,A,T,1.0
2019,0,Q,T,1,B,T,3.0
2019,0,Q,W,1,B,W,1.0
2019,1,A,T,2,A,T,10.0
2019,1,A,U,2,A,U,6.0
2019,1,B,T,2,A,T,7.0
2019,1,B,T,2,B,T,46.0
2019,1,B,T,2,J,T,1.0
2019,1,B,T,2,NONSEND,NONSEND,3.0
2019,1,B,U,2,B,U,12.0
2019,1,B,U,2,J,U,1.0
2019,1,B,V,2,B,V,2.0
2019,1,B,Y,2,B,Y,6.0
2019,1,F,T,2,F,T,5.0
2019,1,F,Y,2,F,Y,4.0
2019,1,J,Y,2,J,Y,1.0
2019,1,K,T,2,K,T,2.0
2019,1,NONSEND,NONSEND,2,B,T,25.0
2019,1,NONSEND,NONSEND,2,B,U,5.0
2019,1,NONSEND,NONSEND,2,B,X,3.0
2019,1,NONSEND,NONSEND,2,B,Y,1.0
2019,1,NONSEND,NONSEND,2,F,T,3.0
2019,1,NONSEND,NONSEND,2,F,U,1.0
2019,1,NONSEND,NONSEND,2,F,Y,2.0
2019,1,NONSEND,NONSEND,2,I,T,1.0
2019,2,A,T,3,A,T,8.0
2019,2,A,U,3,A,U,7.0
2019,2,A,Y,3,A,Y,1.0
2019,2,B,T,3,A,T,4.0
2019,2,B,T,3,B,T,50.0
2019,2,B,T,3,F,T,1.0
2019,2,B,T,3,J,T,1.0
2019,2,B,T,3,NONSEND,NONSEND,1.0
2019,2,B,U,3,B,U,23.0
2019,2,B,U,3,J,U,1.0
2019,2,B,V,3,B,V,4.0
2019,2,B,W,3,B,W,1.0
2019,2,B,X,3,A,X,1.0
2019,2,B,X,3,B,X,2.0
2019,2,B,Y,3,B,Y,5.0
2019,2,F,T,3,A,T,1.0
2019,2,F,T,3,F,T,5.0
2019,2,F,Y,3,F,Y,9.0
2019,2,I,T,3,I,T,1.0
2019,2,J,T,3,J,T,1.0
2019,2,J,U,3,J,U,1.0
2019,2,L,U,3,L,U,1.0
2019,2,NONSEND,NONSEND,3,B,T,13.0
2019,2,NONSEND,NONSEND,3,B,U,4.0
2019,2,NONSEND,NONSEND,3,B,X,1.0
2019,2,NONSEND,NONSEND,3,B,Y,1.0
2019,2,NONSEND,NONSEND,3,F,T,1.0
2019,3,A,T,4,A,T,21.0
2019,3,A,U,4,A,U,12.0
2019,3,A,X,4,A,X,1.0
2019,3,A,Y,4,A,Y,2.0
2019,3,B,T,4,A,T,1.0
2019,3,B,T,4,B,T,67.0
2019,3,B,T,4,F,T,1.0
2019,3,B,T,4,J,T,1.0
2019,3,B,T,4,NONSEND,NONSEND,4.0
2019,3,B,U,4,A,U,1.0
2019,3,B,U,4,B,U,19.0
2019,3,B,U,4,J,U,1.0
2019,3,B,U,4,NONSEND,NONSEND,1.0
2019,3,B,X,4,B,X,1.0
2019,3,B,Y,4,B,Y,8.0
2019,3,E,T,4,E,T,1.0
2019,3,F,T,4,B,T,1.0
2019,3,F,T,4,F,T,9.0
2019,3,F,Y,4,F,Y,4.0
2019,3,I,T,4,I,T,1.0
2019,3,J,T,4,J,T,1.0
2019,3,J,U,4,J,U,4.0
2019,3,NONSEND,NONSEND,4,A,X,2.0
2019,3,NONSEND,NONSEND,4,B,T,7.0
2019,3,NONSEND,NONSEND,4,B,U,2.0
2019,3,NONSEND,NONSEND,4,B,X,3.0
2019,3,NONSEND,NONSEND,4,B,Y,1.0
2019,3,NONSEND,NONSEND,4,R,U,1.0
2019,3,R,U,4,R,U,1.0
2019,4,A,T,5,A,T,18.0
2019,4,A,U,5,A,U,15.0
2019,4,A,X,5,A,X,4.0
2019,4,A,Y,5,A,Y,2.0
2019,4,B,T,5,A,T,2.0
2019,4,B,T,5,B,T,53.0
2019,4,B,T,5,L,T,1.0
2019,4,B,U,5,B,U,22.0
2019,4,B,V,5,B,V,2.0
2019,4,B,X,5,B,X,5.0
2019,4,B,Y,5,B,Y,8.0
2019,4,E,T,5,E,T,1.0
2019,4,F,T,5,F,T,6.0
2019,4,F,Y,5,F,Y,5.0
2019,4,G,Y,5,G,Y,2.0
2019,4,I,X,5,I,X,1.0
2019,4,J,U,5,J,U,2.0
2019,4,K,U,5,K,U,1.0
2019,4,L,T,5,L,T,2.0
2019,4,NONSEND,NONSEND,5,A,X,1.0
2019,4,NONSEND,NONSEND,5,B,T,5.0
2019,4,NONSEND,NONSEND,5,B,U,3.0
2019,4,NONSEND,NONSEND,5,B,X,1.0
2019,4,NONSEND,NONSEND,5,B,Y,1.0
2019,4,NONSEND,NONSEND,5,E,T,1.0
2019,4,NONSEND,NONSEND,5,F,T,1.0
2019,4,R,U,5,R,U,1.0
2019,5,A,T,6,A,T,17.0
2019,5,A,U,6,A,U,1.0
2019,5,A,X,6,A,X,4.0
2019,5,A,Y,6,A,Y,3.0
2019,5,B,T,6,B,T,66.0
2019,5,B,T,6,NONSEND,NONSEND,2.0
2019,5,B,U,6,B,U,11.0
2019,5,B,X,6,B,X,7.0
2019,5,B,Y,6,B,Y,6.0
2019,5,E,T,6,E,T,1.0
2019,5,E,U,6,E,U,2.0
2019,5,F,T,6,F,T,7.0
2019,5,F,Y,6,F,Y,10.0
2019,5,H,T,6,H,T,1.0
2019,5,I,V,6,I,V,2.0
2019,5,I,X,6,I,X,2.0
2019,5,J,U,6,J,U,1.0
2019,5,K,T,6,K,T,1.0
2019,5,L,T,6,L,T,1.0
2019,5,L,U,6,L,U,1.0
2019,5,L,X,6,L,X,2.0
2019,5,NONSEND,NONSEND,6,A,T,1.0
2019,5,NONSEND,NONSEND,6,A,X,1.0
2019,5,NONSEND,NONSEND,6,B,T,7.0
2019,5,NONSEND,NONSEND,6,B,U,3.0
2019,5,NONSEND,NONSEND,6,B,X,1.0
2019,5,NONSEND,NONSEND,6,B,Y,1.0
2019,5,R,T,6,R,T,2.0
2019,6,A,T,7,A,T,23.0
2019,6,A,U,7,A,U,10.0
2019,6,A,U,7,NONSEND,NONSEND,1.0
2019,6,A,X,7,A,X,3.0
2019,6,A,Y,7,A,Y,1.0
2019,6,B,T,7,A,T,2.0
2019,6,B,T,7,B,T,63.0
2019,6,B,T,7,L,T,2.0
2019,6,B,U,7,B,U,14.0
2019,6,B,X,7,B,X,5.0
2019,6,B,X,7,NONSEND,NONSEND,1.0
2019,6,B,Y,7,B,Y,7.0
2019,6,E,T,7,E,T,2.0
2019,6,F,T,7,A,T,1.0
2019,6,F,T,7,F,T,10.0
2019,6,F,T,7,NONSEND,NONSEND,1.0
2019,6,F,Y,7,F,Y,2.0
2019,6,H,T,7,H,T,3.0
2019,6,I,U,7,I,U,2.0
2019,6,I,V,7,I,V,1.0
2019,6,J,T,7,B,T,1.0
2019,6,J,U,7,NONSEND,NONSEND,1.0
2019,6,K,T,7,K,T,1.0
2019,6,L,T,7,L,T,1.0
2019,6,L,U,7,L,U,1.0
2019,6,NONSEND,NONSEND,7,A,T,1.0
2019,6,NONSEND,NONSEND,7,A,U,1.0
2019,6,NONSEND,NONSEND,7,A,X,2.0
2019,6,NONSEND,NONSEND,7,B,T,4.0
2019,6,NONSEND,NONSEND,7,B,U,2.0
2019,6,NONSEND,NONSEND,7,B,X,2.0
2019,6,NONSEND,NONSEND,7,B,Y,1.0
2019,7,A,T,8,A,T,27.0
2019,7,A,U,8,A,U,9.0
2019,7,A,X,8,A,X,1.0
2019,7,A,X,8,B,X,2.0
2019,7,A,X,8,D,X,2.0
2019,7,A,Y,8,A,Y,2.0
2019,7,B,T,8,A,T,2.0
2019,7,B,T,8,B,T,77.0
2019,7,B,T,8,G,T,1.0
2019,7,B,T,8,I,T,1.0
2019,7,B,T,8,NONSEND,NONSEND,1.0
2019,7,B,U,8,A,U,1.0
2019,7,B,U,8,B,U,15.0
2019,7,B,V,8,B,V,2.0
2019,7,B,X,8,A,X,1.0
2019,7,B,X,8,B,X,8.0
2019,7,B,X,8,I,X,1.0
2019,7,B,Y,8,B,Y,7.0
2019,7,B,Y,8,F,Y,1.0
2019,7,B,Y,8,G,Y,1.0
2019,7,B,Y,8,I,Y,1.0
2019,7,E,V,8,E,V,1.0
2019,7,F,T,8,B,T,5.0
2019,7,F,T,8,F,T,1.0
2019,7,F,T,8,I,T,1.0
2019,7,F,T,8,NONSEND,NONSEND,2.0
2019,7,F,U,8,F,U,1.0
2019,7,F,U,8,L,U,1.0
2019,7,F,Y,8,F,Y,2.0
2019,7,G,U,8,G,U,1.0
2019,7,L,T,8,L,T,4.0
2019,7,L,U,8,L,U,1.0
2019,7,NONSEND,NONSEND,8,B,T,3.0
2019,7,NONSEND,NONSEND,8,B,U,2.0
2019,7,NONSEND,NONSEND,8,B,X,2.0
2019,7,NONSEND,NONSEND,8,B,Y,1.0
2019,7,NONSEND,NONSEND,8,F,Y,1.0
2019,7,NONSEND,NONSEND,8,J,V,1.0
2019,7,NONSEND,NONSEND,8,L,T,1.0
2019,7,O,Y,8,O,Y,1.0
2019,8,A,T,9,A,T,19.0
2019,8,A,T,9,E,T,1.0
2019,8,A,U,9,A,U,8.0
2019,8,A,X,9,A,X,1.0
2019,8,A,X,9,NONSEND,NONSEND,1.0
2019,8,B,T,9,A,T,1.0
2019,8,B,T,9,B,T,61.0
2019,8,B,T,9,G,T,1.0
2019,8,B,T,9,J,T,1.0
2019,8,B,T,9,NONSEND,NONSEND,1.0
2019,8,B,U,9,B,U,16.0
2019,8,B,V,9,B,V,1.0
2019,8,B,X,9,A,X,1.0
2019,8,B,X,9,B,X,6.0
2019,8,B,X,9,J,X,1.0
2019,8,B,X,9,NONSEND,NONSEND,1.0
2019,8,B,Y,9,B,Y,6.0
2019,8,B,Y,9,H,Y,1.0
2019,8,D,X,9,D,X,2.0
2019,8,D,X,9,NONSEND,NONSEND,1.0
2019,8,E,T,9,E,T,1.0
2019,8,F,Y,9,F,Y,4.0
2019,8,F,Y,9,NONSEND,NONSEND,1.0
2019,8,G,T,9,G,T,1.0
2019,8,G,Y,9,G,Y,1.0
2019,8,H,U,9,H,U,1.0
2019,8,I,T,9,I,T,2.0
2019,8,I,Y,9,I,Y,1.0
2019,8,J,U,9,J,U,2.0
2019,8,K,T,9,K,T,1.0
2019,8,L,T,9,L,T,2.0
2019,8,L,U,9,L,U,1.0
2019,8,L,U,9,NONSEND,NONSEND,1.0
2019,8,NONSEND,NONSEND,9,B,U,1.0
2019,8,NONSEND,NONSEND,9,B,V,1.0
2019,8,NONSEND,NONSEND,9,B,X,1.0
2019,8,NONSEND,NONSEND,9,B,Y,1.0
2019,8,NONSEND,NONSEND,9,D,X,1.0
2019,8,NONSEND,NONSEND,9,N,X,1.0
2019,8,R,U,9,R,U,1.0
2019,8,R,W,9,R,W,1.0
2019,9,A,T,10,A,T,18.0
2019,9,A,T,10,L,T,1.0
2019,9,A,U,10,A,U,2.0
2019,9,A,V,10,A,V,1.0
2019,9,A,X,10,A,X,2.0
2019,9,A,Y,10,A,Y,1.0
2019,9,B,T,10,B,T,47.0
2019,9,B,T,10,NONSEND,NONSEND,1.0
2019,9,B,U,10,B,U,27.0
2019,9,B,U,10,E,U,1.0
2019,9,B,V,10,B,V,3.0
2019,9,B,X,10,B,X,6.0
2019,9,B,X,10,D,X,1.0
2019,9,B,Y,10,B,Y,9.0
2019,9,D,X,10,D,X,4.0
2019,9,D,X,10,J,X,1.0
2019,9,E,T,10,E,T,5.0
2019,9,F,Y,10,F,Y,4.0
2019,9,G,T,10,G,T,1.0
2019,9,H,Y,10,H,Y,1.0
2019,9,I,T,10,I,T,3.0
2019,9,I,U,10,I,U,1.0
2019,9,I,Y,10,I,Y,3.0
2019,9,J,T,10,J,T,1.0
2019,9,J,U,10,J,U,3.0
2019,9,J,X,10,B,X,1.0
2019,9,J,X,10,J,X,1.0
2019,9,J,Y,10,B,Y,1.0
2019,9,K,T,10,K,T,1.0
2019,9,NONSEND,NONSEND,10,B,T,1.0
2019,9,NONSEND,NONSEND,10,B,U,1.0
2019,9,NONSEND,NONSEND,10,B,X,1.0
2019,9,NONSEND,NONSEND,10,J,X,1.0
2019,9,NONSEND,NONSEND,10,L,U,1.0
2019,9,NONSEND,NONSEND,10,R,X,2.0
2019,9,R,W,10,R,W,1.0
2019,10,A,T,11,A,T,12.0
2019,10,A,U,11,A,U,6.0
2019,10,A,V,11,A,V,1.0
2019,10,A,X,11,A,X,1.0
2019,10,B,T,11,B,T,41.0
2019,10,B,U,11,B,U,23.0
2019,10,B,U,11,K,U,1.0
2019,10,B,U,11,N,U,2.0
2019,10,B,U,11,NONSEND,NONSEND,1.0
2019,10,B,V,11,B,V,1.0
2019,10,B,X,11,B,X,4.0
2019,10,B,Y,11,B,Y,12.0
2019,10,D,X,11,D,X,2.0
2019,10,E,T,11,E,T,1.0
2019,10,F,Y,11,F,Y,3.0
2019,10,G,T,11,G,T,1.0
2019,10,H,X,11,H,X,1.0
2019,10,I,Y,11,I,Y,1.0
2019,10,J,T,11,J,T,3.0
2019,10,J,U,11,J,U,1.0
2019,10,J,X,11,J,X,1.0
2019,10,L,U,11,L,U,1.0
2019,10,L,X,11,L,X,1.0
2019,10,L,Y,11,L,Y,1.0
2019,10,NONSEND,NONSEND,11,B,T,1.0
2019,10,NONSEND,NONSEND,11,B,U,1.0
2019,10,NONSEND,NONSEND,11,B,X,1.0
2019,10,NONSEND,NONSEND,11,N,X,1.0
2019,10,NONSEND,NONSEND,11,R,W,1.0
2019,10,NONSEND,NONSEND,11,R,X,2.0
2019,10,R,X,11,R,X,2.0
2019,11,A,T,12,A,T,16.0
2019,11,A,U,12,A,U,13.0
2019,11,A,V,12,A,V,1.0
2019,11,A,X,12,A,X,3.0
2019,11,A,X,12,NONSEND,NONSEND,1.0
2019,11,A,Y,12,A,Y,1.0
2019,11,B,T,12,B,T,59.0
2019,11,B,T,12,J,T,3.0
2019,11,B,T,12,NONSEND,NONSEND,1.0
2019,11,B,U,12,B,U,17.0
2019,11,B,V,12,B,V,2.0
2019,11,B,X,12,B,X,6.0
2019,11,B,X,12,N,X,1.0
2019,11,B,X,12,NONSEND,NONSEND,1.0
2019,11,B,Y,12,B,Y,4.0
2019,11,E,T,12,E,T,1.0
2019,11,E,X,12,E,X,1.0
2019,11,F,Y,12,F,Y,6.0
2019,11,G,X,12,G,X,1.0
2019,11,H,T,12,H,T,4.0
2019,11,H,U,12,H,U,1.0
2019,11,H,X,12,H,X,1.0
2019,11,H,Y,12,H,Y,2.0
2019,11,I,T,12,I,T,2.0
2019,11,J,U,12,J,U,2.0
2019,11,J,X,12,J,X,1.0
2019,11,K,U,12,K,U,1.0
2019,11,L,T,12,C,T,1.0
2019,11,L,T,12,L,T,6.0
2019,11,L,U,12,L,U,5.0
2019,11,L,X,12,L,X,1.0
2019,11,L,Y,12,L,Y,2.0
2019,11,N,U,12,N,U,2.0
2019,11,N,X,12,E,X,1.0
2019,11,N,X,12,N,X,5.0
2019,11,NONSEND,NONSEND,12,B,U,1.0
2019,11,NONSEND,NONSEND,12,N,X,1.0
2019,11,NONSEND,NONSEND,12,R,X,1.0
2019,11,R,W,12,NONSEND,NONSEND,2.0
2019,11,R,W,12,R,W,1.0
2019,11,R,X,12,NONSEND,NONSEND,1.0
2019,11,R,X,12,R,X,3.0
2019,12,A,T,13,A,T,6.0
2019,12,A,U,13,A,U,12.0
2019,12,A,V,13,A,V,2.0
2019,12,A,V,13,NONSEND,NONSEND,1.0
2019,12,A,W,13,A,W,1.0
2019,12,A,W,13,NONSEND,NONSEND,1.0
2019,12,B,T,13,B,T,26.0
2019,12,B,T,13,J,T,1.0
2019,12,B,T,13,NONSEND,NONSEND,15.0
2019,12,B,T,13,S,T,4.0
2019,12,B,U,13,B,U,11.0
2019,12,B,U,13,NONSEND,NONSEND,4.0
2019,12,B,U,13,S,U,1.0
2019,12,B,V,13,B,V,1.0
2019,12,B,W,13,B,W,1.0
2019,12,B,W,13,NONSEND,NONSEND,2.0
2019,12,B,X,13,B,X,2.0
2019,12,B,X,13,NONSEND,NONSEND,5.0
2019,12,B,X,13,S,X,1.0
2019,12,B,Y,13,B,Y,4.0
2019,12,B,Y,13,NONSEND,NONSEND,1.0
2019,12,C,T,13,C,T,1.0
2019,12,C,T,13,NONSEND,NONSEND,1.0
2019,12,D,X,13,D,X,1.0
2019,12,E,U,13,E,U,1.0
2019,12,E,X,13,E,X,1.0
2019,12,E,X,13,NONSEND,NONSEND,1.0
2019,12,F,Y,13,NONSEND,NONSEND,1.0
2019,12,G,X,13,G,X,3.0
2019,12,H,T,13,H,T,2.0
2019,12,H,U,13,H,U,1.0
2019,12,H,X,13,H,X,1.0
2019,12,H,X,13,NONSEND,NONSEND,1.0
2019,12,J,T,13,J,T,2.0
2019,12,J,T,13,NONSEND,NONSEND,1.0
2019,12,J,X,13,NONSEND,NONSEND,1.0
2019,12,K,T,13,K,T,1.0
2019,12,K,X,13,K,X,1.0
2019,12,L,T,13,C,T,1.0
2019,12,L,T,13,L,T,2.0
2019,12,N,U,13,NONSEND,NONSEND,1.0
2019,12,N,X,13,N,X,2.0
2019,12,N,X,13,NONSEND,NONSEND,3.0
2019,12,NONSEND,NONSEND,13,B,U,1.0
2019,12,NONSEND,NONSEND,13,N,X,1.0
2019,12,NONSEND,NONSEND,13,R,T,1.0
2019,12,NONSEND,NONSEND,13,R,U,1.0
2019,12,R,U,13,R,U,3.0
2019,12,R,W,13,R,W,1.0
2019,12,R,X,13,NONSEND,NONSEND,6.0
2019,12,R,X,13,R,X,1.0
2019,13,A,T,14,A,T,8.0
2019,13,A,T,14,NONSEND,NONSEND,1.0
2019,13,A,U,14,A,U,6.0
2019,13,A,X,14,A,X,1.0
2019,13,A,X,14,NONSEND,NONSEND,1.0
2019,13,B,T,14,B,T,15.0
2019,13,B,T,14,NONSEND,NONSEND,5.0
2019,13,B,T,14,S,T,1.0
2019,13,B,U,14,B,U,7.0
2019,13,B,U,14,NONSEND,NONSEND,5.0
2019,13,B,V,14,B,V,3.0
2019,13,B,V,14,NONSEND,NONSEND,2.0
2019,13,B,W,14,B,W,1.0
2019,13,B,X,14,B,X,1.0
2019,13,B,X,14,NONSEND,NONSEND,1.0
2019,13,B,Y,14,B,Y,4.0
2019,13,B,Y,14,NONSEND,NONSEND,1.0
2019,13,C,T,14,C,T,1.0
2019,13,D,X,14,D,X,3.0
2019,13,E,T,14,E,T,1.0
2019,13,E,T,14,NONSEND,NONSEND,1.0
2019,13,F,Y,14,NONSEND,NONSEND,1.0
2019,13,G,T,14,G,T,1.0
2019,13,G,X,14,G,X,2.0
2019,13,H,T,14,H,T,3.0
2019,13,H,U,14,H,U,2.0
2019,13,I,T,14,I,T,2.0
2019,13,J,T,14,J,T,1.0
2019,13,J,T,14,NONSEND,NONSEND,1.0
2019,13,K,T,14,K,T,2.0
2019,13,K,T,14,NONSEND,NONSEND,1.0
2019,13,K,U,14,K,U,1.0
2019,13,L,T,14,L,T,1.0
2019,13,L,Y,14,L,Y,1.0
2019,13,N,X,14,N,X,1.0
2019,13,NONSEND,NONSEND,14,L,T,1.0
2019,13,R,T,14,R,T,1.0
2019,13,R,U,14,R,U,1.0
2019,13,R,W,14,R,W,1.0
2019,13,S,T,14,S,T,4.0
2019,13,S,U,14,S,U,1.0
2019,13,S,X,14,S,X,1.0
2019,14,A,T,15,A,T,5.0
2019,14,A,T,15,NONSEND,NONSEND,1.0
2019,14,A,U,15,A,U,5.0
2019,14,A,U,15,NONSEND,NONSEND,2.0
2019,14,A,X,15,A,X,1.0
2019,14,B,T,15,B,T,4.0
2019,14,B,T,15,NONSEND,NONSEND,4.0
2019,14,B,T,15,S,T,1.0
2019,14,B,U,15,B,U,3.0
2019,14,B,U,15,NONSEND,NONSEND,3.0
2019,14,B,U,15,S,U,1.0
2019,14,B,V,15,B,V,1.0
2019,14,B,W,15,B,W,1.0
2019,14,B,X,15,NONSEND,NONSEND,1.0
2019,14,B,Y,15,B,Y,2.0
2019,14,B,Y,15,NONSEND,NONSEND,4.0
2019,14,B,Y,15,S,Y,1.0
2019,14,D,X,15,D,X,1.0
2019,14,D,X,15,NONSEND,NONSEND,1.0
2019,14,E,X,15,NONSEND,NONSEND,1.0
2019,14,H,T,15,H,T,3.0
2019,14,I,T,15,I,T,1.0
2019,14,J,X,15,J,X,1.0
2019,14,J,X,15,NONSEND,NONSEND,1.0
2019,14,K,U,15,K,U,2.0
2019,14,L,U,15,L,U,1.0
2019,14,L,Y,15,L,Y,2.0
2019,14,N,T,15,N,T,2.0
2019,14,N,T,15,NONSEND,NONSEND,1.0
2019,14,N,X,15,N,X,3.0
2019,14,R,T,15,R,T,4.0
2019,14,S,T,15,NONSEND,NONSEND,1.0
2019,14,S,T,15,S,T,2.0
2019,14,S,U,15,NONSEND,NONSEND,1.0
2019,14,S,U,15,S,U,1.0
2019,14,S,X,15,NONSEND,NONSEND,2.0
2019,14,S,X,15,S,X,3.0
2019,14,S,Y,15,S,Y,1.0
2019,15,A,U,16,NONSEND,NONSEND,3.0
2019,15,A,U,16,S,U,2.0
2019,15,A,X,16,NONSEND,NONSEND,3.0
2019,15,A,Y,16,NONSEND,NONSEND,1.0
2019,15,B,T,16,B,T,1.0
2019,15,B,T,16,NONSEND,NONSEND,4.0
2019,15,B,U,16,NONSEND,NONSEND,2.0
2019,15,B,U,16,S,U,2.0
2019,15,B,W,16,B,W,3.0
2019,15,B,W,16,NONSEND,NONSEND,2.0
2019,15,B,W,16,S,W,1.0
2019,15,B,Y,16,NONSEND,NONSEND,1.0
2019,15,H,T,16,NONSEND,NONSEND,1.0
2019,15,H,U,16,NONSEND,NONSEND,4.0
2019,15,I,V,16,NONSEND,NONSEND,1.0
2019,15,L,T,16,NONSEND,NONSEND,3.0
2019,15,L,X,16,L,X,1.0
2019,15,L,X,16,NONSEND,NONSEND,1.0
2019,15,L,X,16,S,X,1.0
2019,15,L,Y,16,S,Y,1.0
2019,15,N,X,16,N,X,2.0
2019,15,N,X,16,NONSEND,NONSEND,1.0
2019,15,S,T,16,J,T,3.0
2019,15,S,T,16,NONSEND,NONSEND,2.0
2019,15,S,T,16,S,T,1.0
2019,15,S,U,16,NONSEND,NONSEND,1.0
2019,15,S,U,16,S,U,1.0
2019,15,S,Y,16,NONSEND,NONSEND,1.0
2019,16,A,T,17,A,T,1.0
2019,16,B,T,17,B,T,1.0
2019,16,J,T,17,J,T,1.0
2019,16,L,Y,17,L,Y,1.0
2019,16,N,X,17,N,X,1.0
2019,16,S,T,17,J,T,2.0
2019,16,S,T,17,S,T,1.0
2019,16,S,U,17,S,U,3.0
2019,16,S,V,17,S,V,1.0
2019,16,S,W,17,S,W,1.0
2019,16,S,X,17,S,X,1.0
2019,16,S,Y,17,S,Y,3.0
2019,17,B,T,18,B,T,1.0
2019,17,J,T,18,J,T,3.0
2019,17,J,U,18,J,U,1.0
2019,17,N,X,18,N,X,1.0
2019,17,NONSEND,NONSEND,18,N,X,1.0
2019,17,NONSEND,NONSEND,18,S,T,1.0
2019,17,S,T,18,S,T,2.0
2019,17,S,U,18,S,U,4.0
2019,17,S,W,18,S,W,1.0
2019,17,S,Y,18,S,Y,4.0
2019,18,N,X,19,NONSEND,NONSEND,1.0
2019,18,S,T,19,NONSEND,NONSEND,2.0
2019,18,S,U,19,NONSEND,NONSEND,3.0
2019,18,S,U,19,S,U,1.0
2019,18,S,W,19,NONSEND,NONSEND,8.0
2019,18,S,W,19,S,W,2.0
2019,18,S,Y,19,NONSEND,NONSEND,4.0
2019,18,S,Y,19,S,Y,1.0
2019,20,S,T,21,NONSEND,NONSEND,1.0
2019,20,S,Y,21,NONSEND,NONSEND,1.0
2020,-2,NONSEND,NONSEND,-1,A,U,5.0
2020,-2,NONSEND,NONSEND,-1,J,T,1.0
2020,-2,NONSEND,NONSEND,-1,J,U,1.0
2020,-2,NONSEND,NONSEND,-1,J,V,1.0
2020,-2,NONSEND,NONSEND,-1,J,Y,1.0
2020,-2,NONSEND,NONSEND,-1,P,U,2.0
2020,-2,NONSEND,NONSEND,-1,P,Y,3.0
2020,-2,NONSEND,NONSEND,-1,Q,U,1.0
2020,-1,A,U,0,A,U,5.0
2020,-1,J,T,0,B,T,1.0
2020,-1,J,U,0,J,U,1.0
2020,-1,NONSEND,NONSEND,0,A,T,1.0
2020,-1,NONSEND,NONSEND,0,A,U,3.0
2020,-1,NONSEND,NONSEND,0,A,V,1.0
2020,-1,NONSEND,NONSEND,0,B,T,15.0
2020,-1,NONSEND,NONSEND,0,B,U,5.0
2020,-1,NONSEND,NONSEND,0,B,X,1.0
2020,-1,NONSEND,NONSEND,0,B,Y,3.0
2020,-1,NONSEND,NONSEND,0,F,T,1.0
2020,-1,NONSEND,NONSEND,0,F,Y,2.0
2020,-1,NONSEND,NONSEND,0,J,T,1.0
2020,-1,NONSEND,NONSEND,0,J,Y,1.0
2020,-1,NONSEND,NONSEND,0,P,T,2.0
2020,-1,NONSEND,NONSEND,0,P,Y,1.0
2020,-1,NONSEND,NONSEND,0,Q,T,4.0
2020,-1,NONSEND,NONSEND,0,Q,W,1.0
2020,-1,P,U,0,B,U,1.0
2020,-1,P,Y,0,B,Y,1.0
2020,-1,P,Y,0,NONSEND,NONSEND,1.0
2020,-1,P,Y,0,P,Y,1.0
2020,0,A,T,1,A,T,1.0
2020,0,A,U,1,A,U,7.0
2020,0,B,T,1,A,T,2.0
2020,0,B,T,1,B,T,12.0
2020,0,B,U,1,B,U,7.0
2020,0,B,Y,1,B,Y,4.0
2020,0,F,T,1,F,T,1.0
2020,0,F,Y,1,F,Y,2.0
2020,0,J,Y,1,B,Y,1.0
2020,0,NONSEND,NONSEND,1,A,T,2.0
2020,0,NONSEND,NONSEND,1,B,T,33.0
2020,0,NONSEND,NONSEND,1,B,U,6.0
2020,0,NONSEND,NONSEND,1,B,V,1.0
2020,0,NONSEND,NONSEND,1,B,Y,2.0
2020,0,NONSEND,NONSEND,1,F,T,3.0
2020,0,NONSEND,NONSEND,1,F,Y,1.0
2020,0,NONSEND,NONSEND,1,J,Y,1.0
2020,0,NONSEND,NONSEND,1,K,T,1.0
2020,0,NONSEND,NONSEND,1,Q,U,1.0
2020,0,P,T,1,A,T,1.0
2020,0,P,Y,1,F,Y,1.0
2020,0,Q,T,1,A,T,1.0
2020,0,Q,T,1,B,T,3.0
2020,0,Q,W,1,B,W,1.0
2020,1,A,T,2,A,T,7.0
2020,1,A,U,2,A,U,4.0
2020,1,B,T,2,A,T,6.0
2020,1,B,T,2,B,T,39.0
2020,1,B,T,2,NONSEND,NONSEND,2.0
2020,1,B,U,2,B,U,12.0
2020,1,B,U,2,J,U,1.0
2020,1,B,V,2,B,V,1.0
2020,1,B,W,2,B,W,1.0
2020,1,B,Y,2,A,Y,1.0
2020,1,B,Y,2,B,Y,6.0
2020,1,F,T,2,F,T,4.0
2020,1,F,Y,2,F,Y,3.0
2020,1,J,U,2,J,U,1.0
2020,1,J,Y,2,J,Y,1.0
2020,1,K,T,2,K,T,2.0
2020,1,NONSEND,NONSEND,2,B,T,24.0
2020,1,NONSEND,NONSEND,2,B,U,5.0
2020,1,NONSEND,NONSEND,2,B,X,3.0
2020,1,NONSEND,NONSEND,2,B,Y,1.0
2020,1,NONSEND,NONSEND,2,F,T,3.0
2020,1,NONSEND,NONSEND,2,F,U,1.0
2020,1,NONSEND,NONSEND,2,F,Y,2.0
2020,1,NONSEND,NONSEND,2,I,T,1.0
2020,2,A,T,3,A,T,16.0
2020,2,A,T,3,NONSEND,NONSEND,1.0
2020,2,A,U,3,A,U,6.0
2020,2,A,Y,3,A,Y,1.0
2020,2,B,T,3,A,T,5.0
2020,2,B,T,3,B,T,62.0
2020,2,B,T,3,F,T,1.0
2020,2,B,T,3,J,T,1.0
2020,2,B,T,3,NONSEND,NONSEND,2.0
2020,2,B,U,3,B,U,17.0
2020,2,B,V,3,B,V,2.0
2020,2,B,X,3,A,X,1.0
2020,2,B,X,3,B,X,2.0
2020,2,B,Y,3,B,Y,7.0
2020,2,F,T,3,A,T,1.0
2020,2,F,T,3,E,T,1.0
2020,2,F,T,3,F,T,7.0
2020,2,F,Y,3,F,Y,6.0
2020,2,I,T,3,I,T,1.0
2020,2,J,T,3,J,T,1.0
2020,2,J,U,3,J,U,1.0
2020,2,J,Y,3,J,Y,1.0
2020,2,K,T,3,K,T,1.0
2020,2,K,T,3,NONSEND,NONSEND,1.0
2020,2,NONSEND,NONSEND,3,B,T,14.0
2020,2,NONSEND,NONSEND,3,B,U,4.0
2020,2,NONSEND,NONSEND,3,B,X,1.0
2020,2,NONSEND,NONSEND,3,B,Y,1.0
2020,2,NONSEND,NONSEND,3,F,T,1.0
2020,3,A,T,4,A,T,13.0
2020,3,A,U,4,A,U,7.0
2020,3,A,X,4,A,X,1.0
2020,3,A,Y,4,A,Y,1.0
2020,3,B,T,4,A,T,1.0
2020,3,B,T,4,B,T,56.0
2020,3,B,T,4,F,T,1.0
2020,3,B,T,4,J,T,1.0
2020,3,B,T,4,NONSEND,NONSEND,3.0
2020,3,B,U,4,A,U,1.0
2020,3,B,U,4,B,U,24.0
2020,3,B,U,4,J,U,1.0
2020,3,B,U,4,NONSEND,NONSEND,1.0
2020,3,B,V,4,B,V,4.0
2020,3,B,W,4,B,W,1.0
2020,3,B,X,4,B,X,3.0
2020,3,B,Y,4,B,Y,6.0
2020,3,F,T,4,B,T,1.0
2020,3,F,T,4,F,T,6.0
2020,3,F,Y,4,F,Y,9.0
2020,3,I,T,4,I,T,1.0
2020,3,J,T,4,J,T,2.0
2020,3,J,U,4,J,U,2.0
2020,3,L,U,4,L,U,1.0
2020,3,NONSEND,NONSEND,4,A,X,2.0
2020,3,NONSEND,NONSEND,4,B,T,8.0
2020,3,NONSEND,NONSEND,4,B,U,2.0
2020,3,NONSEND,NONSEND,4,B,X,4.0
2020,3,NONSEND,NONSEND,4,B,Y,2.0
2020,3,NONSEND,NONSEND,4,R,U,1.0
2020,4,A,T,5,A,T,22.0
2020,4,A,U,5,A,U,13.0
2020,4,A,X,5,A,X,2.0
2020,4,A,Y,5,A,Y,2.0
2020,4,B,T,5,A,T,2.0
2020,4,B,T,5,B,T,72.0
2020,4,B,T,5,L,T,1.0
2020,4,B,U,5,B,U,19.0
2020,4,B,X,5,B,X,5.0
2020,4,B,Y,5,B,Y,9.0
2020,4,E,T,5,E,T,1.0
2020,4,F,T,5,B,T,1.0
2020,4,F,T,5,F,T,9.0
2020,4,F,Y,5,F,Y,4.0
2020,4,I,T,5,I,T,1.0
2020,4,I,X,5,I,X,1.0
2020,4,J,T,5,J,T,1.0
2020,4,J,U,5,J,U,4.0
2020,4,L,T,5,L,T,1.0
2020,4,NONSEND,NONSEND,5,A,X,1.0
2020,4,NONSEND,NONSEND,5,B,T,5.0
2020,4,NONSEND,NONSEND,5,B,U,3.0
2020,4,NONSEND,NONSEND,5,B,X,1.0
2020,4,NONSEND,NONSEND,5,B,Y,1.0
2020,4,NONSEND,NONSEND,5,E,T,1.0
2020,4,NONSEND,NONSEND,5,F,T,1.0
2020,4,R,U,5,R,U,1.0
2020,5,A,T,6,A,T,20.0
2020,5,A,U,6,A,U,15.0
2020,5,A,U,6,NONSEND,NONSEND,1.0
2020,5,A,X,6,A,X,6.0
2020,5,A,Y,6,A,Y,2.0
2020,5,B,T,6,B,T,57.0
2020,5,B,T,6,NONSEND,NONSEND,2.0
2020,5,B,U,6,B,U,23.0
2020,5,B,U,6,I,U,1.0
2020,5,B,U,6,NONSEND,NONSEND,1.0
2020,5,B,V,6,B,V,2.0
2020,5,B,X,6,B,X,6.0
2020,5,B,Y,6,B,Y,8.0
2020,5,E,T,6,E,T,1.0
2020,5,F,T,6,F,T,7.0
2020,5,F,Y,6,F,Y,5.0
2020,5,G,Y,6,G,Y,2.0
2020,5,I,X,6,I,X,1.0
2020,5,J,U,6,J,U,3.0
2020,5,K,U,6,K,U,1.0
2020,5,L,T,6,L,T,3.0
2020,5,NONSEND,NONSEND,6,A,T,1.0
2020,5,NONSEND,NONSEND,6,A,X,1.0
2020,5,NONSEND,NONSEND,6,B,T,7.0
2020,5,NONSEND,NONSEND,6,B,U,3.0
2020,5,NONSEND,NONSEND,6,B,X,1.0
2020,5,NONSEND,NONSEND,6,B,Y,1.0
2020,5,R,U,6,R,U,1.0
2020,6,A,T,7,A,T,17.0
2020,6,A,U,7,A,U,1.0
2020,6,A,X,7,A,X,4.0
2020,6,A,X,7,B,X,1.0
2020,6,A,X,7,NONSEND,NONSEND,1.0
2020,6,A,Y,7,A,Y,3.0
2020,6,B,T,7,A,T,2.0
2020,6,B,T,7,B,T,68.0
2020,6,B,T,7,L,T,2.0
2020,6,B,U,7,B,U,13.0
2020,6,B,X,7,B,X,7.0
2020,6,B,X,7,E,X,1.0
2020,6,B,X,7,NONSEND,NONSEND,1.0
2020,6,B,Y,7,B,Y,6.0
2020,6,E,T,7,E,T,1.0
2020,6,E,U,7,E,U,2.0
2020,6,F,T,7,A,T,1.0
2020,6,F,T,7,F,T,6.0
2020,6,F,Y,7,F,Y,9.0
2020,6,F,Y,7,H,Y,1.0
2020,6,H,T,7,H,T,1.0
2020,6,I,V,7,I,V,2.0
2020,6,I,X,7,I,X,2.0
2020,6,J,U,7,NONSEND,NONSEND,1.0
2020,6,K,T,7,K,T,1.0
2020,6,L,T,7,L,T,1.0
2020,6,L,U,7,L,U,1.0
2020,6,L,X,7,B,X,1.0
2020,6,L,X,7,L,X,1.0
2020,6,NONSEND,NONSEND,7,A,T,1.0
2020,6,NONSEND,NONSEND,7,A,U,1.0
2020,6,NONSEND,NONSEND,7,A,X,2.0
2020,6,NONSEND,NONSEND,7,B,T,4.0
2020,6,NONSEND,NONSEND,7,B,U,2.0
2020,6,NONSEND,NONSEND,7,B,X,2.0
2020,6,NONSEND,NONSEND,7,B,Y,1.0
2020,6,R,T,7,R,T,2.0
2020,7,A,T,8,A,T,26.0
2020,7,A,U,8,A,U,11.0
2020,7,A,X,8,A,X,1.0
2020,7,A,X,8,B,X,2.0
2020,7,A,X,8,D,X,2.0
2020,7,A,Y,8,A,Y,1.0
2020,7,B,T,8,A,T,2.0
2020,7,B,T,8,B,T,63.0
2020,7,B,T,8,G,T,1.0
2020,7,B,T,8,I,T,1.0
2020,7,B,T,8,NONSEND,NONSEND,1.0
2020,7,B,U,8,A,U,1.0
2020,7,B,U,8,B,U,15.0
2020,7,B,X,8,B,X,6.0
2020,7,B,Y,8,B,Y,6.0
2020,7,B,Y,8,F,Y,1.0
2020,7,B,Y,8,G,Y,1.0
2020,7,B,Y,8,I,Y,1.0
2020,7,E,T,8,E,T,1.0
2020,7,F,T,8,B,T,6.0
2020,7,F,T,8,F,T,1.0
2020,7,F,T,8,I,T,1.0
2020,7,F,T,8,NONSEND,NONSEND,2.0
2020,7,F,Y,8,F,Y,2.0
2020,7,H,T,8,H,T,3.0
2020,7,I,U,8,I,U,1.0
2020,7,I,U,8,J,U,1.0
2020,7,I,V,8,I,V,1.0
2020,7,J,U,8,J,U,1.0
2020,7,K,T,8,K,T,1.0
2020,7,L,T,8,L,T,2.0
2020,7,L,U,8,L,U,1.0
2020,7,NONSEND,NONSEND,8,B,T,3.0
2020,7,NONSEND,NONSEND,8,B,U,2.0
2020,7,NONSEND,NONSEND,8,B,X,2.0
2020,7,NONSEND,NONSEND,8,B,Y,1.0
2020,7,NONSEND,NONSEND,8,F,Y,1.0
2020,7,NONSEND,NONSEND,8,J,V,1.0
2020,7,NONSEND,NONSEND,8,L,T,1.0
2020,8,A,T,9,A,T,28.0
2020,8,A,T,9,E,T,1.0
2020,8,A,U,9,A,U,10.0
2020,8,A,V,9,A,V,1.0
2020,8,A,X,9,A,X,1.0
2020,8,A,X,9,NONSEND,NONSEND,1.0
2020,8,A,Y,9,A,Y,2.0
2020,8,B,T,9,A,T,1.0
2020,8,B,T,9,B,T,79.0
2020,8,B,T,9,G,T,1.0
2020,8,B,T,9,J,T,1.0
2020,8,B,T,9,NONSEND,NONSEND,1.0
2020,8,B,U,9,B,U,17.0
2020,8,B,V,9,B,V,2.0
2020,8,B,X,9,A,X,1.0
2020,8,B,X,9,B,X,7.0
2020,8,B,X,9,J,X,1.0
2020,8,B,X,9,NONSEND,NONSEND,1.0
2020,8,B,Y,9,B,Y,7.0
2020,8,B,Y,9,H,Y,1.0
2020,8,D,X,9,D,X,1.0
2020,8,E,V,9,E,V,1.0
2020,8,F,U,9,F,U,1.0
2020,8,F,Y,9,F,Y,4.0
2020,8,F,Y,9,NONSEND,NONSEND,1.0
2020,8,G,T,9,G,T,1.0
2020,8,G,U,9,G,U,1.0
2020,8,G,Y,9,G,Y,1.0
2020,8,I,T,9,I,T,2.0
2020,8,I,U,9,I,U,1.0
2020,8,I,Y,9,I,Y,1.0
2020,8,J,U,9,J,U,1.0
2020,8,L,T,9,L,T,4.0
2020,8,L,U,9,L,U,1.0
2020,8,L,U,9,NONSEND,NONSEND,1.0
2020,8,L,X,9,L,X,1.0
2020,8,L,Y,9,L,Y,1.0
2020,8,NONSEND,NONSEND,9,B,U,1.0
2020,8,NONSEND,NONSEND,9,B,V,1.0
2020,8,NONSEND,NONSEND,9,B,X,1.0
2020,8,NONSEND,NONSEND,9,B,Y,1.0
2020,8,NONSEND,NONSEND,9,D,X,1.0
2020,8,NONSEND,NONSEND,9,N,X,1.0
2020,9,A,T,10,A,T,18.0
2020,9,A,T,10,L,T,1.0
2020,9,A,U,10,A,U,8.0
2020,9,A,X,10,A,X,2.0
2020,9,B,T,10,B,T,60.0
2020,9,B,T,10,NONSEND,NONSEND,1.0
2020,9,B,U,10,B,U,16.0
2020,9,B,V,10,B,V,1.0
2020,9,B,X,10,B,X,6.0
2020,9,B,X,10,D,X,1.0
2020,9,B,Y,10,B,Y,6.0
2020,9,D,X,10,D,X,2.0
2020,9,E,T,10,E,T,2.0
2020,9,E,X,10,E,X,1.0
2020,9,F,Y,10,F,Y,4.0
2020,9,G,T,10,G,T,2.0
2020,9,G,Y,10,NONSEND,NONSEND,1.0
2020,9,H,U,10,H,U,1.0
2020,9,H,Y,10,H,Y,1.0
2020,9,I,T,10,I,T,2.0
2020,9,I,X,10,I,X,1.0
2020,9,I,Y,10,I,Y,1.0
2020,9,J,T,10,J,T,1.0
2020,9,J,U,10,J,U,2.0
2020,9,J,X,10,J,X,1.0
2020,9,K,T,10,K,T,1.0
2020,9,L,T,10,L,T,2.0
2020,9,L,U,10,L,U,1.0
2020,9,NONSEND,NONSEND,10,B,T,1.0
2020,9,NONSEND,NONSEND,10,B,U,1.0
2020,9,NONSEND,NONSEND,10,B,X,1.0
2020,9,NONSEND,NONSEND,10,J,X,1.0
2020,9,NONSEND,NONSEND,10,L,U,1.0
2020,9,NONSEND,NONSEND,10,R,W,1.0
2020,9,NONSEND,NONSEND,10,R,X,2.0
2020,9,R,U,10,R,U,1.0
2020,9,R,W,10,R,W,1.0
2020,9,R,X,10,R,X,1.0
2020,10,A,T,11,A,T,17.0
2020,10,A,U,11,A,U,2.0
2020,10,A,V,11,A,V,1.0
2020,10,A,X,11,A,X,2.0
2020,10,A,Y,11,A,Y,1.0
2020,10,B,T,11,B,T,47.0
2020,10,B,T,11,E,T,1.0
2020,10,B,U,11,B,U,24.0
2020,10,B,U,11,K,U,1.0
2020,10,B,U,11,N,U,2.0
2020,10,B,U,11,NONSEND,NONSEND,1.0
2020,10,B,V,11,B,V,3.0
2020,10,B,X,11,B,X,6.0
2020,10,B,Y,11,B,Y,9.0
2020,10,D,X,11,D,X,5.0
2020,10,E,T,11,E,T,5.0
2020,10,E,X,11,E,X,1.0
2020,10,F,Y,11,F,Y,4.0
2020,10,G,T,11,G,T,2.0
2020,10,G,X,11,G,X,1.0
2020,10,H,Y,11,H,Y,1.0
2020,10,I,T,11,I,T,3.0
2020,10,I,U,11,I,U,1.0
2020,10,I,Y,11,I,Y,2.0
2020,10,J,T,11,J,T,1.0
2020,10,J,U,11,J,U,3.0
2020,10,J,X,11,J,X,2.0
2020,10,K,T,11,K,T,1.0
2020,10,L,T,11,L,T,1.0
2020,10,L,U,11,L,U,1.0
2020,10,N,X,11,N,X,1.0
2020,10,NONSEND,NONSEND,11,B,T,1.0
2020,10,NONSEND,NONSEND,11,B,U,1.0
2020,10,NONSEND,NONSEND,11,B,X,1.0
2020,10,NONSEND,NONSEND,11,N,X,1.0
2020,10,NONSEND,NONSEND,11,R,W,1.0
2020,10,NONSEND,NONSEND,11,R,X,2.0
2020,10,R,W,11,R,W,1.0
2020,10,R,X,11,R,X,2.0
2020,11,A,T,12,A,T,11.0
2020,11,A,U,12,A,U,6.0
2020,11,A,V,12,A,V,1.0
2020,11,A,X,12,A,X,1.0
2020,11,B,T,12,B,T,39.0
2020,11,B,T,12,J,T,2.0
2020,11,B,T,12,NONSEND,NONSEND,1.0
2020,11,B,U,12,B,U,23.0
2020,11,B,V,12,B,V,1.0
2020,11,B,X,12,B,X,4.0
2020,11,B,X,12,N,X,1.0
2020,11,B,Y,12,B,Y,12.0
2020,11,D,X,12,D,X,2.0
2020,11,E,T,12,E,T,2.0
2020,11,E,U,12,E,U,1.0
2020,11,E,X,12,E,X,1.0
2020,11,F,Y,12,F,Y,3.0
2020,11,G,T,12,G,T,1.0
2020,11,G,X,12,G,X,1.0
2020,11,H,T,12,H,T,1.0
2020,11,H,X,12,H,X,1.0
2020,11,I,Y,12,I,Y,1.0
2020,11,J,T,12,J,T,1.0
2020,11,J,T,12,N,T,1.0
2020,11,J,U,12,J,U,1.0
2020,11,J,X,12,J,X,1.0
2020,11,K,U,12,K,U,1.0
2020,11,L,T,12,L,T,1.0
2020,11,L,U,12,L,U,1.0
2020,11,L,X,12,L,X,1.0
2020,11,L,Y,12,L,Y,1.0
2020,11,N,U,12,N,U,2.0
2020,11,N,X,12,N,X,1.0
2020,11,NONSEND,NONSEND,12,B,U,1.0
2020,11,NONSEND,NONSEND,12,B,X,1.0
2020,11,NONSEND,NONSEND,12,N,X,1.0
2020,11,NONSEND,NONSEND,12,R,X,1.0
2020,11,R,W,12,NONSEND,NONSEND,1.0
2020,11,R,X,12,NONSEND,NONSEND,1.0
2020,11,R,X,12,R,X,3.0
2020,12,A,T,13,A,T,15.0
2020,12,A,U,13,A,U,12.0
2020,12,A,V,13,A,V,1.0
2020,12,A,X,13,A,X,1.0
2020,12,A,X,13,NONSEND,NONSEND,2.0
2020,12,A,Y,13,A,Y,1.0
2020,12,B,T,13,B,T,32.0
2020,12,B,T,13,J,T,1.0
2020,12,B,T,13,N,T,1.0
2020,12,B,T,13,NONSEND,NONSEND,19.0
2020,12,B,T,13,S,T,5.0
2020,12,B,U,13,B,U,13.0
2020,12,B,U,13,NONSEND,NONSEND,5.0
2020,12,B,U,13,S,U,1.0
2020,12,B,V,13,B,V,2.0
2020,12,B,X,13,B,X,1.0
2020,12,B,X,13,NONSEND,NONSEND,4.0
2020,12,B,X,13,S,X,1.0
2020,12,B,Y,13,B,Y,4.0
2020,12,C,T,13,C,T,1.0
2020,12,E,T,13,E,T,1.0
2020,12,E,X,13,E,X,1.0
2020,12,E,X,13,NONSEND,NONSEND,1.0
2020,12,F,Y,13,F,Y,2.0
2020,12,F,Y,13,NONSEND,NONSEND,3.0
2020,12,F,Y,13,S,Y,1.0
2020,12,G,X,13,G,X,1.0
2020,12,H,T,13,H,T,4.0
2020,12,H,U,13,H,U,1.0
2020,12,H,X,13,H,X,1.0
2020,12,H,Y,13,H,Y,1.0
2020,12,I,T,13,I,T,2.0
2020,12,J,T,13,J,T,2.0
2020,12,J,T,13,NONSEND,NONSEND,1.0
2020,12,J,U,13,J,U,1.0
2020,12,J,U,13,NONSEND,NONSEND,1.0
2020,12,J,X,13,NONSEND,NONSEND,1.0
2020,12,K,U,13,K,U,1.0
2020,12,L,T,13,C,T,1.0
2020,12,L,T,13,L,T,4.0
2020,12,L,U,13,L,U,4.0
2020,12,L,U,13,NONSEND,NONSEND,1.0
2020,12,L,X,13,L,X,1.0
2020,12,L,Y,13,L,Y,2.0
2020,12,N,U,13,NONSEND,NONSEND,1.0
2020,12,N,X,13,N,X,3.0
2020,12,N,X,13,NONSEND,NONSEND,4.0
2020,12,NONSEND,NONSEND,13,B,U,1.0
2020,12,NONSEND,NONSEND,13,N,X,1.0
2020,12,NONSEND,NONSEND,13,R,T,1.0
2020,12,NONSEND,NONSEND,13,R,U,1.0
2020,12,R,W,13,R,W,1.0
2020,12,R,X,13,NONSEND,NONSEND,4.0
2020,13,A,T,14,A,T,6.0
2020,13,A,T,14,NONSEND,NONSEND,1.0
2020,13,A,U,14,A,U,12.0
2020,13,A,U,14,NONSEND,NONSEND,1.0
2020,13,A,V,14,A,V,1.0
2020,13,A,W,14,A,W,1.0
2020,13,B,T,14,B,T,19.0
2020,13,B,T,14,NONSEND,NONSEND,6.0
2020,13,B,T,14,S,T,1.0
2020,13,B,U,14,B,U,6.0
2020,13,B,U,14,NONSEND,NONSEND,5.0
2020,13,B,W,14,B,W,1.0
2020,13,B,X,14,B,X,1.0
2020,13,B,X,14,NONSEND,NONSEND,1.0
2020,13,B,Y,14,B,Y,4.0
2020,13,B,Y,14,NONSEND,NONSEND,1.0
2020,13,C,T,14,C,T,2.0
2020,13,D,X,14,D,X,1.0
2020,13,E,U,14,NONSEND,NONSEND,1.0
2020,13,G,X,14,G,X,3.0
2020,13,H,T,14,H,T,2.0
2020,13,H,U,14,H,U,1.0
2020,13,H,X,14,H,X,1.0
2020,13,J,T,14,J,T,1.0
2020,13,J,T,14,NONSEND,NONSEND,1.0
2020,13,J,X,14,J,X,1.0
2020,13,K,T,14,K,T,1.0
2020,13,K,X,14,NONSEND,NONSEND,1.0
2020,13,L,T,14,L,T,2.0
2020,13,N,T,14,N,T,1.0
2020,13,N,X,14,N,X,3.0
2020,13,N,X,14,NONSEND,NONSEND,1.0
2020,13,NONSEND,NONSEND,14,L,T,1.0
2020,13,NONSEND,NONSEND,14,S,V,1.0
2020,13,R,T,14,R,T,1.0
2020,13,R,U,14,R,U,3.0
2020,13,R,W,14,R,W,1.0
2020,13,S,T,14,S,T,5.0
2020,13,S,U,14,S,U,1.0
2020,13,S,X,14,S,X,1.0
2020,14,A,T,15,A,T,6.0
2020,14,A,T,15,NONSEND,NONSEND,1.0
2020,14,A,U,15,A,U,4.0
2020,14,A,U,15,NONSEND,NONSEND,2.0
2020,14,A,X,15,A,X,1.0
2020,14,B,T,15,B,T,7.0
2020,14,B,T,15,NONSEND,NONSEND,7.0
2020,14,B,T,15,S,T,1.0
2020,14,B,U,15,B,U,3.0
2020,14,B,U,15,NONSEND,NONSEND,3.0
2020,14,B,U,15,S,U,1.0
2020,14,B,V,15,B,V,2.0
2020,14,B,V,15,NONSEND,NONSEND,1.0
2020,14,B,X,15,NONSEND,NONSEND,1.0
2020,14,B,Y,15,B,Y,2.0
2020,14,B,Y,15,NONSEND,NONSEND,2.0
2020,14,B,Y,15,S,Y,1.0
2020,14,C,T,15,C,T,1.0
2020,14,D,X,15,D,X,1.0
2020,14,D,X,15,NONSEND,NONSEND,2.0
2020,14,E,T,15,E,T,1.0
2020,14,E,T,15,NONSEND,NONSEND,1.0
2020,14,G,T,15,G,T,1.0
2020,14,G,X,15,G,X,1.0
2020,14,G,X,15,NONSEND,NONSEND,1.0
2020,14,H,T,15,H,T,2.0
2020,14,H,U,15,H,U,2.0
2020,14,I,T,15,I,T,1.0
2020,14,J,T,15,J,T,1.0
2020,14,K,T,15,K,T,1.0
2020,14,K,T,15,NONSEND,NONSEND,1.0
2020,14,K,U,15,K,U,1.0
2020,14,L,T,15,L,T,1.0
2020,14,L,Y,15,L,Y,1.0
2020,14,N,T,15,N,T,1.0
2020,14,N,T,15,NONSEND,NONSEND,1.0
2020,14,N,X,15,N,X,1.0
2020,14,R,T,15,R,T,1.0
2020,14,R,U,15,NONSEND,NONSEND,1.0
2020,14,R,W,15,NONSEND,NONSEND,1.0
2020,14,S,T,15,NONSEND,NONSEND,2.0
2020,14,S,T,15,S,T,3.0
2020,14,S,U,15,NONSEND,NONSEND,1.0
2020,14,S,U,15,S,U,1.0
2020,14,S,X,15,S,X,1.0
2020,15,A,T,16,A,T,1.0
2020,15,A,T,16,NONSEND,NONSEND,2.0
2020,15,A,T,16,S,T,2.0
2020,15,A,U,16,NONSEND,NONSEND,3.0
2020,15,A,U,16,S,U,2.0
2020,15,A,X,16,NONSEND,NONSEND,1.0
2020,15,B,T,16,B,T,1.0
2020,15,B,T,16,NONSEND,NONSEND,3.0
2020,15,B,U,16,NONSEND,NONSEND,2.0
2020,15,B,U,16,S,U,1.0
2020,15,B,Y,16,NONSEND,NONSEND,2.0
2020,15,H,T,16,H,T,1.0
2020,15,H,T,16,NONSEND,NONSEND,2.0
2020,15,H,T,16,S,T,1.0
2020,15,J,X,16,NONSEND,NONSEND,1.0
2020,15,K,U,16,NONSEND,NONSEND,1.0
2020,15,L,U,16,NONSEND,NONSEND,1.0
2020,15,L,Y,16,S,Y,1.0
2020,15,N,T,16,NONSEND,NONSEND,1.0
2020,15,N,X,16,N,X,2.0
2020,15,N,X,16,NONSEND,NONSEND,1.0
2020,15,N,X,16,S,X,1.0
2020,15,R,T,16,NONSEND,NONSEND,3.0
2020,15,S,T,16,J,T,2.0
2020,15,S,T,16,NONSEND,NONSEND,1.0
2020,15,S,T,16,S,T,1.0
2020,15,S,U,16,NONSEND,NONSEND,1.0
2020,15,S,U,16,S,U,1.0
2020,15,S,X,16,J,X,1.0
2020,15,S,X,16,NONSEND,NONSEND,2.0
2020,15,S,X,16,S,X,1.0
2020,15,S,Y,16,NONSEND,NONSEND,1.0
2020,15,S,Y,16,S,Y,1.0
2020,16,B,T,17,B,T,1.0
2020,16,B,W,17,NONSEND,NONSEND,1.0
2020,16,B,W,17,S,W,1.0
2020,16,J,T,17,J,T,2.0
2020,16,J,T,17,NONSEND,NONSEND,1.0
2020,16,N,X,17,N,X,1.0
2020,16,S,T,17,J,T,2.0
2020,16,S,T,17,S,T,1.0
2020,16,S,U,17,S,U,4.0
2020,16,S,V,17,S,V,1.0
2020,16,S,W,17,S,W,1.0
2020,16,S,X,17,S,X,1.0
2020,16,S,Y,17,S,Y,1.0
2020,17,B,T,18,B,T,1.0
2020,17,J,T,18,J,T,3.0
2020,17,J,U,18,J,U,1.0
2020,17,J,V,18,J,V,1.0
2020,17,N,X,18,N,X,1.0
2020,17,NONSEND,NONSEND,18,N,X,1.0
2020,17,NONSEND,NONSEND,18,S,T,1.0
2020,17,S,T,18,S,T,2.0
2020,17,S,U,18,S,U,3.0
2020,17,S,V,18,S,V,1.0
2020,17,S,W,18,S,W,1.0
2020,17,S,X,18,S,X,1.0
2020,17,S,Y,18,S,Y,3.0
2020,18,N,X,19,NONSEND,NONSEND,1.0
2020,18,S,T,19,NONSEND,NONSEND,3.0
2020,18,S,U,19,NONSEND,NONSEND,3.0
2020,18,S,U,19,S,U,1.0
2020,18,S,W,19,NONSEND,NONSEND,1.0
2020,18,S,Y,19,NONSEND,NONSEND,3.0
2020,18,S,Y,19,S,Y,1.0
2020,19,S,W,20,NONSEND,NONSEND,1.0
2020,19,S,W,20,S,W,1.0
2020,19,S,Y,20,S,Y,1.0
2021,-2,NONSEND,NONSEND,-1,A,U,5.0
2021,-2,NONSEND,NONSEND,-1,J,T,1.0
2021,-2,NONSEND,NONSEND,-1,J,U,1.0
2021,-2,NONSEND,NONSEND,-1,J,V,1.0
2021,-2,NONSEND,NONSEND,-1,J,Y,1.0
2021,-2,NONSEND,NONSEND,-1,P,U,2.0
2021,-2,NONSEND,NONSEND,-1,P,Y,3.0
2021,-2,NONSEND,NONSEND,-1,Q,U,1.0
2021,-1,A,U,0,A,U,5.0
2021,-1,J,T,0,B,T,1.0
2021,-1,J,U,0,J,U,1.0
2021,-1,NONSEND,NONSEND,0,A,T,1.0
2021,-1,NONSEND,NONSEND,0,A,U,3.0
2021,-1,NONSEND,NONSEND,0,A,V,1.0
2021,-1,NONSEND,NONSEND,0,B,T,15.0
2021,-1,NONSEND,NONSEND,0,B,U,5.0
2021,-1,NONSEND,NONSEND,0,B,X,1.0
2021,-1,NONSEND,NONSEND,0,B,Y,3.0
2021,-1,NONSEND,NONSEND,0,F,T,1.0
2021,-1,NONSEND,NONSEND,0,F,Y,2.0
2021,-1,NONSEND,NONSEND,0,J,T,1.0
2021,-1,NONSEND,NONSEND,0,J,Y,1.0
2021,-1,NONSEND,NONSEND,0,P,T,2.0
2021,-1,NONSEND,NONSEND,0,P,Y,1.0
2021,-1,NONSEND,NONSEND,0,Q,T,4.0
2021,-1,NONSEND,NONSEND,0,Q,W,1.0
2021,-1,P,U,0,B,U,1.0
2021,-1,P,Y,0,B,Y,1.0
2021,-1,P,Y,0,NONSEND,NONSEND,1.0
2021,-1,P,Y,0,P,Y,1.0
2021,0,A,T,1,A,T,1.0
2021,0,A,U,1,A,U,8.0
2021,0,B,T,1,A,T,2.0
2021,0,B,T,1,B,T,12.0
2021,0,B,U,1,B,U,7.0
2021,0,B,Y,1,B,Y,4.0
2021,0,F,T,1,F,T,1.0
2021,0,F,Y,1,F,Y,2.0
2021,0,J,T,1,B,T,1.0
2021,0,J,Y,1,B,Y,1.0
2021,0,NONSEND,NONSEND,1,A,T,2.0
2021,0,NONSEND,NONSEND,1,B,T,33.0
2021,0,NONSEND,NONSEND,1,B,U,7.0
2021,0,NONSEND,NONSEND,1,B,V,1.0
2021,0,NONSEND,NONSEND,1,B,Y,2.0
2021,0,NONSEND,NONSEND,1,F,T,3.0
2021,0,NONSEND,NONSEND,1,F,Y,1.0
2021,0,NONSEND,NONSEND,1,J,Y,1.0
2021,0,NONSEND,NONSEND,1,K,T,1.0
2021,0,NONSEND,NONSEND,1,Q,U,1.0
2021,0,P,T,1,A,T,1.0
2021,0,P,Y,1,F,Y,1.0
2021,0,Q,T,1,A,T,1.0
2021,0,Q,T,1,B,T,3.0
2021,0,Q,W,1,B,W,1.0
2021,1,A,T,2,A,T,7.0
2021,1,A,U,2,A,U,7.0
2021,1,B,T,2,A,T,6.0
2021,1,B,T,2,B,T,40.0
2021,1,B,T,2,NONSEND,NONSEND,2.0
2021,1,B,U,2,B,U,12.0
2021,1,B,U,2,J,U,1.0
2021,1,B,V,2,B,V,2.0
2021,1,B,W,2,B,W,1.0
2021,1,B,Y,2,A,Y,1.0
2021,1,B,Y,2,B,Y,6.0
2021,1,F,T,2,F,T,4.0
2021,1,F,Y,2,F,Y,4.0
2021,1,J,Y,2,J,Y,1.0
2021,1,K,T,2,K,T,2.0
2021,1,NONSEND,NONSEND,2,B,T,24.0
2021,1,NONSEND,NONSEND,2,B,U,5.0
2021,1,NONSEND,NONSEND,2,B,X,3.0
2021,1,NONSEND,NONSEND,2,B,Y,2.0
2021,1,NONSEND,NONSEND,2,F,T,3.0
2021,1,NONSEND,NONSEND,2,F,U,1.0
2021,1,NONSEND,NONSEND,2,F,Y,2.0
2021,1,NONSEND,NONSEND,2,I,T,1.0
2021,2,A,T,3,A,T,12.0
2021,2,A,T,3,NONSEND,NONSEND,1.0
2021,2,A,U,3,A,U,5.0
2021,2,A,Y,3,A,Y,1.0
2021,2,B,T,3,A,T,4.0
2021,2,B,T,3,B,T,55.0
2021,2,B,T,3,F,T,1.0
2021,2,B,T,3,J,T,1.0
2021,2,B,T,3,NONSEND,NONSEND,1.0
2021,2,B,U,3,B,U,17.0
2021,2,B,V,3,B,V,1.0
2021,2,B,X,3,A,X,1.0
2021,2,B,X,3,B,X,2.0
2021,2,B,Y,3,B,Y,7.0
2021,2,F,T,3,A,T,1.0
2021,2,F,T,3,F,T,6.0
2021,2,F,U,3,F,U,1.0
2021,2,F,Y,3,F,Y,5.0
2021,2,I,T,3,I,T,1.0
2021,2,J,T,3,J,T,1.0
2021,2,J,U,3,J,U,2.0
2021,2,J,Y,3,J,Y,1.0
2021,2,K,T,3,K,T,1.0
2021,2,K,T,3,NONSEND,NONSEND,1.0
2021,2,NONSEND,NONSEND,3,B,T,13.0
2021,2,NONSEND,NONSEND,3,B,U,4.0
2021,2,NONSEND,NONSEND,3,B,X,1.0
2021,2,NONSEND,NONSEND,3,B,Y,1.0
2021,2,NONSEND,NONSEND,3,F,T,1.0
2021,3,A,T,4,A,T,21.0
2021,3,A,U,4,A,U,7.0
2021,3,A,X,4,A,X,1.0
2021,3,A,Y,4,A,Y,1.0
2021,3,B,T,4,A,T,1.0
2021,3,B,T,4,B,T,68.0
2021,3,B,T,4,F,T,1.0
2021,3,B,T,4,J,T,1.0
2021,3,B,T,4,NONSEND,NONSEND,4.0
2021,3,B,U,4,A,U,1.0
2021,3,B,U,4,B,U,19.0
2021,3,B,U,4,J,U,1.0
2021,3,B,U,4,NONSEND,NONSEND,1.0
2021,3,B,V,4,B,V,2.0
2021,3,B,X,4,B,X,3.0
2021,3,B,Y,4,B,Y,8.0
2021,3,E,T,4,E,T,1.0
2021,3,F,T,4,B,T,1.0
2021,3,F,T,4,F,T,8.0
2021,3,F,Y,4,F,Y,6.0
2021,3,I,T,4,I,T,1.0
2021,3,J,T,4,J,T,2.0
2021,3,J,U,4,J,U,1.0
2021,3,J,Y,4,J,Y,1.0
2021,3,K,T,4,K,T,1.0
2021,3,NONSEND,NONSEND,4,A,X,2.0
2021,3,NONSEND,NONSEND,4,B,T,8.0
2021,3,NONSEND,NONSEND,4,B,U,2.0
2021,3,NONSEND,NONSEND,4,B,X,4.0
2021,3,NONSEND,NONSEND,4,B,Y,2.0
2021,3,NONSEND,NONSEND,4,R,U,1.0
2021,4,A,T,5,A,T,14.0
2021,4,A,U,5,A,U,8.0
2021,4,A,X,5,A,X,3.0
2021,4,A,Y,5,A,Y,1.0
2021,4,B,T,5,A,T,2.0
2021,4,B,T,5,B,T,62.0
2021,4,B,T,5,L,T,1.0
2021,4,B,U,5,A,U,1.0
2021,4,B,U,5,B,U,24.0
2021,4,B,V,5,B,V,4.0
2021,4,B,W,5,B,W,1.0
2021,4,B,X,5,B,X,6.0
2021,4,B,Y,5,B,Y,7.0
2021,4,E,T,5,E,T,1.0
2021,4,E,X,5,E,X,1.0
2021,4,F,T,5,F,T,6.0
2021,4,F,U,5,F,U,1.0
2021,4,F,Y,5,F,Y,9.0
2021,4,I,T,5,I,T,1.0
2021,4,I,X,5,I,X,1.0
2021,4,J,T,5,J,T,2.0
2021,4,J,T,5,NONSEND,NONSEND,1.0
2021,4,J,U,5,J,U,2.0
2021,4,L,T,5,L,T,1.0
2021,4,L,U,5,L,U,1.0
2021,4,NONSEND,NONSEND,5,A,X,1.0
2021,4,NONSEND,NONSEND,5,B,T,5.0
2021,4,NONSEND,NONSEND,5,B,U,4.0
2021,4,NONSEND,NONSEND,5,B,X,1.0
2021,4,NONSEND,NONSEND,5,B,Y,1.0
2021,4,NONSEND,NONSEND,5,E,T,1.0
2021,4,NONSEND,NONSEND,5,F,T,1.0
2021,4,R,U,5,R,U,1.0
2021,5,A,T,6,A,T,24.0
2021,5,A,U,6,A,U,13.0
2021,5,A,U,6,NONSEND,NONSEND,1.0
2021,5,A,X,6,A,X,3.0
2021,5,A,Y,6,A,Y,2.0
2021,5,B,T,6,B,T,75.0
2021,5,B,T,6,NONSEND,NONSEND,2.0
2021,5,B,U,6,B,U,21.0
2021,5,B,U,6,I,U,1.0
2021,5,B,U,6,NONSEND,NONSEND,1.0
2021,5,B,X,6,B,X,6.0
2021,5,B,Y,6,B,Y,8.0
2021,5,E,T,6,E,T,2.0
2021,5,F,T,6,F,T,10.0
2021,5,F,Y,6,F,Y,4.0
2021,5,I,T,6,I,T,1.0
2021,5,I,U,6,I,U,1.0
2021,5,J,T,6,J,T,1.0
2021,5,J,U,6,J,U,4.0
2021,5,L,T,6,L,T,1.0
2021,5,NONSEND,NONSEND,6,A,T,1.0
2021,5,NONSEND,NONSEND,6,A,X,1.0
2021,5,NONSEND,NONSEND,6,B,T,7.0
2021,5,NONSEND,NONSEND,6,B,U,3.0
2021,5,NONSEND,NONSEND,6,B,X,1.0
2021,5,NONSEND,NONSEND,6,B,Y,1.0
2021,5,R,U,6,R,U,1.0
2021,6,A,T,7,A,T,20.0
2021,6,A,U,7,A,U,14.0
2021,6,A,U,7,NONSEND,NONSEND,1.0
2021,6,A,X,7,A,X,5.0
2021,6,A,X,7,B,X,1.0
2021,6,A,X,7,NONSEND,NONSEND,1.0
2021,6,A,Y,7,A,Y,2.0
2021,6,B,T,7,A,T,2.0
2021,6,B,T,7,B,T,60.0
2021,6,B,T,7,L,T,1.0
2021,6,B,U,7,A,U,1.0
2021,6,B,U,7,B,U,24.0
2021,6,B,V,7,B,V,2.0
2021,6,B,X,7,B,X,5.0
2021,6,B,X,7,NONSEND,NONSEND,1.0
2021,6,B,Y,7,B,Y,8.0
2021,6,E,T,7,E,T,1.0
2021,6,F,T,7,A,T,1.0
2021,6,F,T,7,F,T,6.0
2021,6,F,Y,7,F,Y,4.0
2021,6,G,Y,7,B,Y,1.0
2021,6,G,Y,7,G,Y,1.0
2021,6,H,U,7,H,U,1.0
2021,6,I,U,7,I,U,1.0
2021,6,I,X,7,I,X,1.0
2021,6,J,U,7,J,U,1.0
2021,6,J,U,7,NONSEND,NONSEND,1.0
2021,6,K,U,7,K,U,1.0
2021,6,L,T,7,L,T,3.0
2021,6,NONSEND,NONSEND,7,A,T,1.0
2021,6,NONSEND,NONSEND,7,A,U,1.0
2021,6,NONSEND,NONSEND,7,A,X,2.0
2021,6,NONSEND,NONSEND,7,B,T,5.0
2021,6,NONSEND,NONSEND,7,B,U,2.0
2021,6,NONSEND,NONSEND,7,B,X,2.0
2021,6,NONSEND,NONSEND,7,B,Y,2.0
2021,6,R,U,7,R,U,1.0
2021,7,A,T,8,A,T,20.0
2021,7,A,U,8,A,U,2.0
2021,7,A,X,8,A,X,1.0
2021,7,A,X,8,B,X,2.0
2021,7,A,X,8,D,X,2.0
2021,7,A,Y,8,A,Y,3.0
2021,7,B,T,8,A,T,2.0
2021,7,B,T,8,B,T,67.0
2021,7,B,T,8,G,T,1.0
2021,7,B,T,8,I,T,1.0
2021,7,B,T,8,NONSEND,NONSEND,1.0
2021,7,B,U,8,A,U,1.0
2021,7,B,U,8,B,U,14.0
2021,7,B,X,8,A,X,1.0
2021,7,B,X,8,B,X,8.0
2021,7,B,X,8,I,X,1.0
2021,7,B,Y,8,B,Y,5.0
2021,7,B,Y,8,F,Y,1.0
2021,7,B,Y,8,G,Y,1.0
2021,7,B,Y,8,I,Y,1.0
2021,7,E,T,8,E,T,1.0
2021,7,E,U,8,E,U,1.0
2021,7,E,U,8,H,U,1.0
2021,7,F,T,8,B,T,4.0
2021,7,F,T,8,F,T,1.0
2021,7,F,T,8,NONSEND,NONSEND,1.0
2021,7,F,Y,8,B,Y,1.0
2021,7,F,Y,8,F,Y,8.0
2021,7,H,T,8,H,T,1.0
2021,7,H,Y,8,H,Y,1.0
2021,7,I,V,8,I,V,1.0
2021,7,I,X,8,I,X,1.0
2021,7,J,U,8,J,U,1.0
2021,7,L,T,8,L,T,2.0
2021,7,L,U,8,L,U,1.0
2021,7,L,X,8,L,X,1.0
2021,7,NONSEND,NONSEND,8,B,T,3.0
2021,7,NONSEND,NONSEND,8,B,U,2.0
2021,7,NONSEND,NONSEND,8,B,X,2.0
2021,7,NONSEND,NONSEND,8,B,Y,1.0
2021,7,NONSEND,NONSEND,8,F,Y,1.0
2021,7,NONSEND,NONSEND,8,J,V,1.0
2021,7,NONSEND,NONSEND,8,L,T,1.0
2021,7,R,T,8,NONSEND,NONSEND,1.0
2021,7,R,T,8,R,T,1.0
2021,8,A,T,9,A,T,27.0
2021,8,A,T,9,E,T,1.0
2021,8,A,U,9,A,U,12.0
2021,8,A,X,9,A,X,1.0
2021,8,A,Y,9,A,Y,1.0
2021,8,B,T,9,A,T,1.0
2021,8,B,T,9,B,T,67.0
2021,8,B,T,9,G,T,1.0
2021,8,B,T,9,J,T,1.0
2021,8,B,T,9,NONSEND,NONSEND,1.0
2021,8,B,U,9,B,U,17.0
2021,8,B,X,9,A,X,1.0
2021,8,B,X,9,B,X,6.0
2021,8,B,X,9,J,X,1.0
2021,8,B,X,9,NONSEND,NONSEND,1.0
2021,8,B,Y,9,B,Y,6.0
2021,8,B,Y,9,H,Y,1.0
2021,8,D,X,9,D,X,1.0
2021,8,E,T,9,E,T,1.0
2021,8,F,Y,9,F,Y,3.0
2021,8,F,Y,9,NONSEND,NONSEND,1.0
2021,8,G,T,9,G,T,1.0
2021,8,G,Y,9,G,Y,1.0
2021,8,H,T,9,H,T,3.0
2021,8,I,T,9,I,T,2.0
2021,8,I,U,9,I,U,1.0
2021,8,I,V,9,I,V,1.0
2021,8,I,Y,9,I,Y,1.0
2021,8,J,U,9,J,U,2.0
2021,8,K,T,9,K,T,1.0
2021,8,L,T,9,L,T,3.0
2021,8,L,U,9,L,U,1.0
2021,8,L,U,9,NONSEND,NONSEND,1.0
2021,8,L,Y,9,L,Y,1.0
2021,8,NONSEND,NONSEND,9,B,U,1.0
2021,8,NONSEND,NONSEND,9,B,V,1.0
2021,8,NONSEND,NONSEND,9,B,X,1.0
2021,8,NONSEND,NONSEND,9,B,Y,1.0
2021,8,NONSEND,NONSEND,9,D,X,1.0
2021,8,NONSEND,NONSEND,9,N,X,1.0
2021,9,A,T,10,A,T,26.0
2021,9,A,T,10,H,T,1.0
2021,9,A,T,10,L,T,1.0
2021,9,A,T,10,NONSEND,NONSEND,1.0
2021,9,A,U,10,A,U,10.0
2021,9,A,V,10,A,V,1.0
2021,9,A,X,10,A,X,2.0
2021,9,A,Y,10,A,Y,2.0
2021,9,B,T,10,B,T,78.0
2021,9,B,T,10,NONSEND,NONSEND,1.0
2021,9,B,U,10,B,U,18.0
2021,9,B,V,10,B,V,3.0
2021,9,B,X,10,B,X,7.0
2021,9,B,X,10,D,X,1.0
2021,9,B,Y,10,B,Y,7.0
2021,9,D,X,10,D,X,2.0
2021,9,E,T,10,E,T,1.0
2021,9,E,V,10,E,V,1.0
2021,9,E,X,10,E,X,1.0
2021,9,F,U,10,F,U,1.0
2021,9,F,Y,10,F,Y,4.0
2021,9,G,T,10,G,T,2.0
2021,9,G,U,10,G,U,1.0
2021,9,G,Y,10,NONSEND,NONSEND,1.0
2021,9,H,Y,10,H,Y,1.0
2021,9,I,T,10,I,T,3.0
2021,9,I,U,10,I,U,1.0
2021,9,I,X,10,I,X,1.0
2021,9,I,Y,10,I,Y,1.0
2021,9,J,T,10,J,T,1.0
2021,9,J,U,10,J,U,1.0
2021,9,J,X,10,J,X,1.0
2021,9,L,T,10,L,T,5.0
2021,9,L,U,10,L,U,1.0
2021,9,L,X,10,L,X,1.0
2021,9,L,Y,10,L,Y,1.0
2021,9,NONSEND,NONSEND,10,B,T,1.0
2021,9,NONSEND,NONSEND,10,B,U,1.0
2021,9,NONSEND,NONSEND,10,B,X,1.0
2021,9,NONSEND,NONSEND,10,J,X,1.0
2021,9,NONSEND,NONSEND,10,L,U,1.0
2021,9,NONSEND,NONSEND,10,R,W,1.0
2021,9,NONSEND,NONSEND,10,R,X,2.0
2021,9,R,X,10,R,X,1.0
2021,10,A,T,11,A,T,18.0
2021,10,A,U,11,A,U,8.0
2021,10,A,X,11,A,X,2.0
2021,10,B,T,11,B,T,59.0
2021,10,B,T,11,E,T,1.0
2021,10,B,U,11,B,U,15.0
2021,10,B,U,11,K,U,1.0
2021,10,B,U,11,N,U,1.0
2021,10,B,V,11,B,V,1.0
2021,10,B,X,11,B,X,5.0
2021,10,B,Y,11,B,Y,6.0
2021,10,D,X,11,D,X,3.0
2021,10,E,T,11,E,T,2.0
2021,10,E,X,11,E,X,1.0
2021,10,F,Y,11,F,Y,4.0
2021,10,G,T,11,G,T,2.0
2021,10,G,X,11,G,X,1.0
2021,10,H,U,11,H,U,1.0
2021,10,H,Y,11,H,Y,1.0
2021,10,I,T,11,I,T,2.0
2021,10,I,X,11,I,X,1.0
2021,10,I,Y,11,I,Y,1.0
2021,10,J,T,11,J,T,1.0
2021,10,J,U,11,J,U,2.0
2021,10,J,X,11,J,X,2.0
2021,10,L,T,11,L,T,3.0
2021,10,L,U,11,L,U,2.0
2021,10,N,X,11,N,X,1.0
2021,10,NONSEND,NONSEND,11,B,T,1.0
2021,10,NONSEND,NONSEND,11,B,U,1.0
2021,10,NONSEND,NONSEND,11,B,X,1.0
2021,10,NONSEND,NONSEND,11,N,X,1.0
2021,10,NONSEND,NONSEND,11,R,W,1.0
2021,10,NONSEND,NONSEND,11,R,X,2.0
2021,10,R,U,11,R,U,1.0
2021,10,R,W,11,R,W,2.0
2021,10,R,X,11,R,X,2.0
2021,11,A,T,12,A,T,17.0
2021,11,A,U,12,A,U,2.0
2021,11,A,V,12,A,V,1.0
2021,11,A,X,12,A,X,2.0
2021,11,A,Y,12,A,Y,1.0
2021,11,B,T,12,B,T,45.0
2021,11,B,T,12,J,T,2.0
2021,11,B,T,12,NONSEND,NONSEND,1.0
2021,11,B,U,12,B,U,24.0
2021,11,B,V,12,B,V,2.0
2021,11,B,X,12,B,X,5.0
2021,11,B,X,12,N,X,1.0
2021,11,B,Y,12,B,Y,9.0
2021,11,D,X,12,D,X,4.0
2021,11,D,X,12,N,X,1.0
2021,11,E,T,12,E,T,5.0
2021,11,E,U,12,E,U,1.0
2021,11,E,X,12,E,X,1.0
2021,11,F,Y,12,F,Y,4.0
2021,11,G,T,12,G,T,1.0
2021,11,G,T,12,NONSEND,NONSEND,1.0
2021,11,G,X,12,G,X,1.0
2021,11,H,T,12,H,T,1.0
2021,11,H,Y,12,H,Y,1.0
2021,11,I,T,12,I,T,3.0
2021,11,I,U,12,I,U,1.0
2021,11,I,X,12,I,X,1.0
2021,11,I,Y,12,I,Y,2.0
2021,11,J,U,12,J,U,2.0
2021,11,J,X,12,J,X,2.0
2021,11,K,T,12,K,T,1.0
2021,11,K,U,12,K,U,1.0
2021,11,L,T,12,L,T,1.0
2021,11,L,U,12,L,U,1.0
2021,11,N,U,12,N,U,3.0
2021,11,N,X,12,N,X,2.0
2021,11,NONSEND,NONSEND,12,B,U,1.0
2021,11,NONSEND,NONSEND,12,B,X,1.0
2021,11,NONSEND,NONSEND,12,N,X,1.0
2021,11,NONSEND,NONSEND,12,R,X,1.0
2021,11,R,W,12,NONSEND,NONSEND,1.0
2021,11,R,W,12,R,W,1.0
2021,11,R,X,12,NONSEND,NONSEND,1.0
2021,11,R,X,12,R,X,3.0
2021,12,A,T,13,A,T,11.0
2021,12,A,U,13,A,U,6.0
2021,12,A,V,13,A,V,1.0
2021,12,A,X,13,NONSEND,NONSEND,1.0
2021,12,B,T,13,B,T,22.0
2021,12,B,T,13,J,T,1.0
2021,12,B,T,13,NONSEND,NONSEND,12.0
2021,12,B,T,13,S,T,4.0
2021,12,B,U,13,B,U,16.0
2021,12,B,U,13,NONSEND,NONSEND,6.0
2021,12,B,U,13,S,U,1.0
2021,12,B,V,13,B,V,1.0
2021,12,B,X,13,B,X,1.0
2021,12,B,X,13,NONSEND,NONSEND,3.0
2021,12,B,Y,13,B,Y,10.0
2021,12,B,Y,13,NONSEND,NONSEND,1.0
2021,12,D,X,13,D,X,2.0
2021,12,E,T,13,E,T,2.0
2021,12,E,U,13,E,U,1.0
2021,12,E,X,13,NONSEND,NONSEND,1.0
2021,12,F,Y,13,F,Y,1.0
2021,12,F,Y,13,NONSEND,NONSEND,2.0
2021,12,G,T,13,G,T,1.0
2021,12,G,X,13,G,X,1.0
2021,12,H,T,13,H,T,1.0
2021,12,H,X,13,H,X,1.0
2021,12,J,T,13,J,T,2.0
2021,12,J,T,13,NONSEND,NONSEND,1.0
2021,12,J,U,13,J,U,1.0
2021,12,J,X,13,NONSEND,NONSEND,1.0
2021,12,K,U,13,K,U,1.0
2021,12,L,U,13,L,U,1.0
2021,12,L,X,13,L,X,1.0
2021,12,L,Y,13,L,Y,1.0
2021,12,N,T,13,N,T,1.0
2021,12,N,T,13,NONSEND,NONSEND,1.0
2021,12,N,U,13,A,U,1.0
2021,12,N,U,13,NONSEND,NONSEND,2.0
2021,12,N,X,13,N,X,2.0
2021,12,N,X,13,NONSEND,NONSEND,2.0
2021,12,NONSEND,NONSEND,13,B,U,1.0
2021,12,NONSEND,NONSEND,13,N,X,1.0
2021,12,NONSEND,NONSEND,13,R,T,1.0
2021,12,NONSEND,NONSEND,13,R,U,1.0
2021,12,R,W,13,R,W,1.0
2021,12,R,X,13,NONSEND,NONSEND,4.0
2021,13,A,T,14,A,T,13.0
2021,13,A,T,14,NONSEND,NONSEND,1.0
2021,13,A,U,14,A,U,12.0
2021,13,A,U,14,NONSEND,NONSEND,1.0
2021,13,A,X,14,A,X,1.0
2021,13,A,X,14,NONSEND,NONSEND,1.0
2021,13,A,Y,14,A,Y,1.0
2021,13,B,T,14,B,T,23.0
2021,13,B,T,14,NONSEND,NONSEND,8.0
2021,13,B,T,14,S,T,1.0
2021,13,B,U,14,B,U,7.0
2021,13,B,U,14,NONSEND,NONSEND,6.0
2021,13,B,V,14,B,V,1.0
2021,13,B,V,14,NONSEND,NONSEND,1.0
2021,13,B,X,14,B,X,1.0
2021,13,B,X,14,NONSEND,NONSEND,1.0
2021,13,B,Y,14,B,Y,3.0
2021,13,B,Y,14,NONSEND,NONSEND,1.0
2021,13,C,T,14,C,T,2.0
2021,13,E,T,14,E,T,1.0
2021,13,E,X,14,E,X,1.0
2021,13,F,Y,14,NONSEND,NONSEND,1.0
2021,13,G,X,14,G,X,1.0
2021,13,H,T,14,H,T,4.0
2021,13,H,U,14,H,U,1.0
2021,13,H,Y,14,H,Y,1.0
2021,13,I,T,14,I,T,2.0
2021,13,J,T,14,J,T,1.0
2021,13,J,T,14,NONSEND,NONSEND,2.0
2021,13,J,U,14,J,U,1.0
2021,13,J,X,14,J,X,1.0
2021,13,L,T,14,L,T,3.0
2021,13,L,U,14,L,U,2.0
2021,13,L,U,14,NONSEND,NONSEND,2.0
2021,13,L,X,14,L,X,1.0
2021,13,L,Y,14,L,Y,1.0
2021,13,L,Y,14,NONSEND,NONSEND,1.0
2021,13,N,T,14,N,T,1.0
2021,13,N,X,14,N,X,4.0
2021,13,N,X,14,NONSEND,NONSEND,1.0
2021,13,NONSEND,NONSEND,14,L,T,1.0
2021,13,NONSEND,NONSEND,14,S,V,1.0
2021,13,R,T,14,R,T,1.0
2021,13,R,U,14,R,U,1.0
2021,13,R,W,14,R,W,1.0
2021,13,S,T,14,S,T,6.0
2021,13,S,U,14,S,U,1.0
2021,13,S,X,14,S,X,1.0
2021,13,S,Y,14,S,Y,1.0
2021,14,A,T,15,A,T,5.0
2021,14,A,T,15,NONSEND,NONSEND,1.0
2021,14,A,U,15,A,U,9.0
2021,14,A,U,15,NONSEND,NONSEND,3.0
2021,14,A,V,15,A,V,1.0
2021,14,A,W,15,A,W,1.0
2021,14,B,T,15,B,T,9.0
2021,14,B,T,15,NONSEND,NONSEND,8.0
2021,14,B,T,15,S,T,2.0
2021,14,B,U,15,B,U,3.0
2021,14,B,U,15,NONSEND,NONSEND,3.0
2021,14,B,U,15,S,U,1.0
2021,14,B,W,15,B,W,1.0
2021,14,B,X,15,NONSEND,NONSEND,1.0
2021,14,B,Y,15,B,Y,1.0
2021,14,B,Y,15,NONSEND,NONSEND,2.0
2021,14,C,T,15,C,T,1.0
2021,14,C,T,15,NONSEND,NONSEND,1.0
2021,14,G,X,15,G,X,2.0
2021,14,G,X,15,NONSEND,NONSEND,1.0
2021,14,H,T,15,H,T,2.0
2021,14,H,U,15,H,U,1.0
2021,14,H,X,15,H,X,1.0
2021,14,J,T,15,J,T,1.0
2021,14,L,T,15,L,T,2.0
2021,14,N,T,15,N,T,1.0
2021,14,N,T,15,NONSEND,NONSEND,1.0
2021,14,N,X,15,N,X,3.0
2021,14,R,T,15,R,T,1.0
2021,14,R,U,15,NONSEND,NONSEND,3.0
2021,14,R,U,15,R,U,1.0
2021,14,R,W,15,NONSEND,NONSEND,1.0
2021,14,S,T,15,NONSEND,NONSEND,2.0
2021,14,S,T,15,S,T,4.0
2021,14,S,U,15,S,U,1.0
2021,14,S,V,15,S,V,1.0
2021,14,S,X,15,S,X,1.0
2021,15,A,T,16,A,T,1.0
2021,15,A,T,16,NONSEND,NONSEND,3.0
2021,15,A,T,16,S,T,2.0
2021,15,A,U,16,NONSEND,NONSEND,3.0
2021,15,A,U,16,S,U,1.0
2021,15,A,X,16,NONSEND,NONSEND,1.0
2021,15,B,T,16,B,T,2.0
2021,15,B,T,16,NONSEND,NONSEND,5.0
2021,15,B,U,16,NONSEND,NONSEND,2.0
2021,15,B,U,16,S,U,1.0
2021,15,B,V,16,NONSEND,NONSEND,1.0
2021,15,B,Y,16,NONSEND,NONSEND,1.0
2021,15,D,X,16,NONSEND,NONSEND,1.0
2021,15,G,X,16,NONSEND,NONSEND,1.0
2021,15,H,T,16,H,T,1.0
2021,15,H,T,16,NONSEND,NONSEND,1.0
2021,15,H,U,16,NONSEND,NONSEND,1.0
2021,15,I,T,16,NONSEND,NONSEND,1.0
2021,15,J,T,16,NONSEND,NONSEND,1.0
2021,15,K,T,16,NONSEND,NONSEND,1.0
2021,15,L,T,16,NONSEND,NONSEND,1.0
2021,15,N,X,16,N,X,1.0
2021,15,R,T,16,NONSEND,NONSEND,1.0
2021,15,S,T,16,J,T,3.0
2021,15,S,T,16,NONSEND,NONSEND,1.0
2021,15,S,T,16,S,T,1.0
2021,15,S,U,16,NONSEND,NONSEND,1.0
2021,15,S,X,16,NONSEND,NONSEND,1.0
2021,16,A,T,17,A,T,1.0
2021,16,B,T,17,B,T,1.0
2021,16,J,T,17,J,T,1.0
2021,16,J,X,17,J,X,1.0
2021,16,N,X,17,N,X,1.0
2021,16,S,T,17,J,T,2.0
2021,16,S,T,17,S,T,2.0
2021,16,S,U,17,S,U,3.0
2021,16,S,X,17,S,X,1.0
2021,16,S,Y,17,S,Y,2.0
2021,17,B,T,18,B,T,1.0
2021,17,J,T,18,J,T,3.0
2021,17,J,U,18,J,U,1.0
2021,17,N,X,18,N,X,1.0
2021,17,NONSEND,NONSEND,18,N,X,1.0
2021,17,NONSEND,NONSEND,18,S,T,1.0
2021,17,S,T,18,S,T,2.0
2021,17,S,U,18,S,U,4.0
2021,17,S,V,18,S,V,1.0
2021,17,S,W,18,S,W,2.0
2021,17,S,X,18,S,X,1.0
2021,17,S,Y,18,S,Y,2.0
2021,18,N,X,19,NONSEND,NONSEND,2.0
2021,18,NONSEND,NONSEND,19,S,T,1.0
2021,18,S,T,19,NONSEND,NONSEND,3.0
2021,18,S,U,19,NONSEND,NONSEND,3.0
2021,18,S,U,19,S,U,1.0
2021,18,S,V,19,NONSEND,NONSEND,1.0
2021,18,S,W,19,NONSEND,NONSEND,1.0
2021,18,S,X,19,NONSEND,NONSEND,1.0
2021,18,S,Y,19,NONSEND,NONSEND,2.0
2021,20,S,W,21,NONSEND,NONSEND,1.0
2021,20,S,Y,21,NONSEND,NONSEND,1.0
2022,-2,NONSEND,NONSEND,-1,A,U,6.0
2022,-2,NONSEND,NONSEND,-1,J,T,1.0
2022,-2,NONSEND,NONSEND,-1,J,U,1.0
2022,-2,NONSEND,NONSEND,-1,J,V,1.0
2022,-2,NONSEND,NONSEND,-1,J,Y,1.0
2022,-2,NONSEND,NONSEND,-1,P,U,2.0
2022,-2,NONSEND,NONSEND,-1,P,Y,3.0
2022,-2,NONSEND,NONSEND,-1,Q,U,1.0
2022,-1,A,U,0,A,U,5.0
2022,-1,J,T,0,B,T,1.0
2022,-1,J,U,0,J,U,1.0
2022,-1,NONSEND,NONSEND,0,A,T,1.0
2022,-1,NONSEND,NONSEND,0,A,U,3.0
2022,-1,NONSEND,NONSEND,0,A,V,1.0
2022,-1,NONSEND,NONSEND,0,B,T,16.0
2022,-1,NONSEND,NONSEND,0,B,U,5.0
2022,-1,NONSEND,NONSEND,0,B,X,1.0
2022,-1,NONSEND,NONSEND,0,B,Y,3.0
2022,-1,NONSEND,NONSEND,0,F,T,1.0
2022,-1,NONSEND,NONSEND,0,F,Y,2.0
2022,-1,NONSEND,NONSEND,0,J,T,1.0
2022,-1,NONSEND,NONSEND,0,J,Y,1.0
2022,-1,NONSEND,NONSEND,0,P,T,2.0
2022,-1,NONSEND,NONSEND,0,P,Y,1.0
2022,-1,NONSEND,NONSEND,0,Q,T,4.0
2022,-1,NONSEND,NONSEND,0,Q,W,1.0
2022,-1,P,U,0,B,U,1.0
2022,-1,P,Y,0,B,Y,1.0
2022,-1,P,Y,0,NONSEND,NONSEND,1.0
2022,-1,P,Y,0,P,Y,1.0
2022,0,A,T,1,A,T,1.0
2022,0,A,U,1,A,U,8.0
2022,0,B,T,1,A,T,2.0
2022,0,B,T,1,B,T,13.0
2022,0,B,T,1,K,T,1.0
2022,0,B,U,1,B,U,7.0
2022,0,B,Y,1,B,Y,5.0
2022,0,F,T,1,F,T,1.0
2022,0,F,Y,1,F,Y,2.0
2022,0,J,Y,1,B,Y,1.0
2022,0,NONSEND,NONSEND,1,A,T,2.0
2022,0,NONSEND,NONSEND,1,B,T,34.0
2022,0,NONSEND,NONSEND,1,B,U,7.0
2022,0,NONSEND,NONSEND,1,B,V,1.0
2022,0,NONSEND,NONSEND,1,B,Y,2.0
2022,0,NONSEND,NONSEND,1,F,T,3.0
2022,0,NONSEND,NONSEND,1,F,Y,1.0
2022,0,NONSEND,NONSEND,1,J,Y,1.0
2022,0,NONSEND,NONSEND,1,K,T,1.0
2022,0,NONSEND,NONSEND,1,Q,U,1.0
2022,0,P,T,1,A,T,1.0
2022,0,P,T,1,B,T,1.0
2022,0,P,Y,1,F,Y,1.0
2022,0,Q,T,1,A,T,1.0
2022,0,Q,T,1,B,T,3.0
2022,0,Q,W,1,B,W,1.0
2022,1,A,T,2,A,T,7.0
2022,1,A,U,2,A,U,7.0
2022,1,B,T,2,A,T,6.0
2022,1,B,T,2,B,T,40.0
2022,1,B,T,2,NONSEND,NONSEND,2.0
2022,1,B,U,2,B,U,13.0
2022,1,B,U,2,J,U,1.0
2022,1,B,V,2,B,V,2.0
2022,1,B,W,2,B,W,1.0
2022,1,B,Y,2,A,Y,1.0
2022,1,B,Y,2,B,Y,6.0
2022,1,F,T,2,F,T,4.0
2022,1,F,Y,2,F,Y,4.0
2022,1,J,Y,2,J,Y,1.0
2022,1,K,T,2,K,T,1.0
2022,1,NONSEND,NONSEND,2,B,T,24.0
2022,1,NONSEND,NONSEND,2,B,U,5.0
2022,1,NONSEND,NONSEND,2,B,X,3.0
2022,1,NONSEND,NONSEND,2,B,Y,1.0
2022,1,NONSEND,NONSEND,2,F,T,3.0
2022,1,NONSEND,NONSEND,2,F,U,1.0
2022,1,NONSEND,NONSEND,2,F,Y,2.0
2022,1,NONSEND,NONSEND,2,I,T,1.0
2022,2,A,T,3,A,T,13.0
2022,2,A,T,3,NONSEND,NONSEND,1.0
2022,2,A,U,3,A,U,8.0
2022,2,A,Y,3,A,Y,1.0
2022,2,B,T,3,A,T,4.0
2022,2,B,T,3,B,T,56.0
2022,2,B,T,3,F,T,1.0
2022,2,B,T,3,J,T,1.0
2022,2,B,T,3,NONSEND,NONSEND,2.0
2022,2,B,U,3,B,U,17.0
2022,2,B,V,3,B,V,2.0
2022,2,B,X,3,A,X,1.0
2022,2,B,X,3,B,X,2.0
2022,2,B,Y,3,B,Y,8.0
2022,2,F,T,3,A,T,1.0
2022,2,F,T,3,F,T,6.0
2022,2,F,U,3,F,U,1.0
2022,2,F,Y,3,F,Y,5.0
2022,2,I,T,3,I,T,1.0
2022,2,J,T,3,J,T,1.0
2022,2,J,U,3,J,U,1.0
2022,2,J,Y,3,J,Y,1.0
2022,2,K,T,3,K,T,1.0
2022,2,K,T,3,NONSEND,NONSEND,1.0
2022,2,NONSEND,NONSEND,3,B,T,13.0
2022,2,NONSEND,NONSEND,3,B,U,4.0
2022,2,NONSEND,NONSEND,3,B,X,1.0
2022,2,NONSEND,NONSEND,3,B,Y,1.0
2022,2,NONSEND,NONSEND,3,F,T,1.0
2022,3,A,T,4,A,T,17.0
2022,3,A,U,4,A,U,5.0
2022,3,A,X,4,A,X,1.0
2022,3,A,Y,4,A,Y,1.0
2022,3,B,T,4,A,T,1.0
2022,3,B,T,4,B,T,61.0
2022,3,B,T,4,F,T,1.0
2022,3,B,T,4,J,T,1.0
2022,3,B,T,4,NONSEND,NONSEND,4.0
2022,3,B,U,4,A,U,1.0
2022,3,B,U,4,B,U,19.0
2022,3,B,U,4,NONSEND,NONSEND,1.0
2022,3,B,V,4,B,V,1.0
2022,3,B,X,4,B,X,2.0
2022,3,B,Y,4,B,Y,8.0
2022,3,F,T,4,B,T,1.0
2022,3,F,T,4,F,T,7.0
2022,3,F,U,4,F,U,1.0
2022,3,F,Y,4,F,Y,5.0
2022,3,I,T,4,I,T,1.0
2022,3,J,T,4,J,T,2.0
2022,3,J,U,4,J,U,2.0
2022,3,J,Y,4,J,Y,1.0
2022,3,K,T,4,K,T,1.0
2022,3,NONSEND,NONSEND,4,A,X,2.0
2022,3,NONSEND,NONSEND,4,B,T,8.0
2022,3,NONSEND,NONSEND,4,B,U,2.0
2022,3,NONSEND,NONSEND,4,B,X,3.0
2022,3,NONSEND,NONSEND,4,B,Y,2.0
2022,3,NONSEND,NONSEND,4,R,U,1.0
2022,4,A,T,5,A,T,23.0
2022,4,A,U,5,A,U,8.0
2022,4,A,X,5,A,X,3.0
2022,4,A,Y,5,A,Y,1.0
2022,4,B,T,5,A,T,2.0
2022,4,B,T,5,B,T,74.0
2022,4,B,T,5,L,T,1.0
2022,4,B,U,5,B,U,19.0
2022,4,B,V,5,B,V,2.0
2022,4,B,X,5,B,X,6.0
2022,4,B,Y,5,B,Y,9.0
2022,4,E,T,5,E,T,1.0
2022,4,E,X,5,E,X,1.0
2022,4,F,T,5,F,T,8.0
2022,4,F,U,5,F,U,1.0
2022,4,F,Y,5,F,Y,6.0
2022,4,I,T,5,I,T,1.0
2022,4,I,X,5,I,X,1.0
2022,4,J,T,5,J,T,2.0
2022,4,J,T,5,NONSEND,NONSEND,1.0
2022,4,J,U,5,J,U,2.0
2022,4,J,Y,5,J,Y,1.0
2022,4,K,T,5,K,T,1.0
2022,4,L,T,5,L,T,1.0
2022,4,L,U,5,L,U,1.0
2022,4,NONSEND,NONSEND,5,A,X,1.0
2022,4,NONSEND,NONSEND,5,B,T,5.0
2022,4,NONSEND,NONSEND,5,B,U,4.0
2022,4,NONSEND,NONSEND,5,B,X,1.0
2022,4,NONSEND,NONSEND,5,B,Y,1.0
2022,4,NONSEND,NONSEND,5,E,T,1.0
2022,4,NONSEND,NONSEND,5,F,T,1.0
2022,4,R,U,5,R,U,1.0
2022,5,A,T,6,A,T,16.0
2022,5,A,U,6,A,U,9.0
2022,5,A,X,6,A,X,4.0
2022,5,A,Y,6,A,Y,1.0
2022,5,B,T,6,B,T,66.0
2022,5,B,T,6,NONSEND,NONSEND,2.0
2022,5,B,U,6,B,U,26.0
2022,5,B,U,6,I,U,1.0
2022,5,B,U,6,NONSEND,NONSEND,1.0
2022,5,B,V,6,B,V,4.0
2022,5,B,W,6,B,W,1.0
2022,5,B,X,6,B,X,7.0
2022,5,B,Y,6,B,Y,7.0
2022,5,E,T,6,E,T,1.0
2022,5,E,X,6,E,X,1.0
2022,5,F,T,6,F,T,7.0
2022,5,F,U,6,F,U,1.0
2022,5,F,Y,6,F,Y,9.0
2022,5,I,T,6,I,T,1.0
2022,5,I,U,6,I,U,1.0
2022,5,I,X,6,I,X,1.0
2022,5,J,T,6,J,T,1.0
2022,5,J,U,6,J,U,2.0
2022,5,L,T,6,L,T,1.0
2022,5,L,U,6,L,U,1.0
2022,5,NONSEND,NONSEND,6,A,T,1.0
2022,5,NONSEND,NONSEND,6,A,X,1.0
2022,5,NONSEND,NONSEND,6,B,T,8.0
2022,5,NONSEND,NONSEND,6,B,U,3.0
2022,5,NONSEND,NONSEND,6,B,X,1.0
2022,5,NONSEND,NONSEND,6,B,Y,1.0
2022,5,R,U,6,R,U,1.0
2022,6,A,T,7,A,T,24.0
2022,6,A,U,7,A,U,13.0
2022,6,A,U,7,NONSEND,NONSEND,1.0
2022,6,A,X,7,A,X,3.0
2022,6,A,Y,7,A,Y,2.0
2022,6,B,T,7,A,T,2.0
2022,6,B,T,7,B,T,77.0
2022,6,B,T,7,F,T,1.0
2022,6,B,T,7,L,T,2.0
2022,6,B,T,7,NONSEND,NONSEND,1.0
2022,6,B,U,7,A,U,1.0
2022,6,B,U,7,B,U,23.0
2022,6,B,X,7,B,X,5.0
2022,6,B,X,7,NONSEND,NONSEND,1.0
2022,6,B,Y,7,B,Y,9.0
2022,6,E,T,7,E,T,1.0
2022,6,F,T,7,A,T,1.0
2022,6,F,T,7,B,T,1.0
2022,6,F,T,7,F,T,8.0
2022,6,F,Y,7,F,Y,3.0
2022,6,H,U,7,H,U,1.0
2022,6,I,T,7,I,T,1.0
2022,6,I,U,7,I,U,1.0
2022,6,J,T,7,B,T,1.0
2022,6,J,U,7,J,U,2.0
2022,6,J,U,7,NONSEND,NONSEND,2.0
2022,6,L,T,7,L,T,1.0
2022,6,NONSEND,NONSEND,7,A,T,1.0
2022,6,NONSEND,NONSEND,7,A,U,1.0
2022,6,NONSEND,NONSEND,7,A,X,2.0
2022,6,NONSEND,NONSEND,7,B,T,5.0
2022,6,NONSEND,NONSEND,7,B,U,2.0
2022,6,NONSEND,NONSEND,7,B,X,2.0
2022,6,NONSEND,NONSEND,7,B,Y,2.0
2022,6,R,U,7,R,U,1.0
2022,7,A,T,8,A,T,22.0
2022,7,A,U,8,A,U,15.0
2022,7,A,X,8,A,X,2.0
2022,7,A,X,8,B,X,3.0
2022,7,A,X,8,D,X,3.0
2022,7,A,Y,8,A,Y,2.0
2022,7,B,T,8,A,T,2.0
2022,7,B,T,8,B,T,61.0
2022,7,B,T,8,G,T,1.0
2022,7,B,T,8,I,T,1.0
2022,7,B,T,8,NONSEND,NONSEND,1.0
2022,7,B,U,8,A,U,1.0
2022,7,B,U,8,B,U,25.0
2022,7,B,V,8,B,V,2.0
2022,7,B,X,8,B,X,7.0
2022,7,B,Y,8,B,Y,7.0
2022,7,B,Y,8,F,Y,1.0
2022,7,B,Y,8,G,Y,1.0
2022,7,B,Y,8,I,Y,1.0
2022,7,E,T,8,E,T,1.0
2022,7,F,T,8,B,T,4.0
2022,7,F,T,8,F,T,1.0
2022,7,F,T,8,NONSEND,NONSEND,1.0
2022,7,F,Y,8,F,Y,4.0
2022,7,G,Y,8,G,Y,1.0
2022,7,H,U,8,H,U,1.0
2022,7,H,Y,8,H,Y,1.0
2022,7,I,X,8,I,X,1.0
2022,7,J,U,8,J,U,1.0
2022,7,K,U,8,K,U,1.0
2022,7,L,T,8,L,T,4.0
2022,7,L,U,8,L,U,1.0
2022,7,NONSEND,NONSEND,8,B,T,3.0
2022,7,NONSEND,NONSEND,8,B,U,2.0
2022,7,NONSEND,NONSEND,8,B,X,2.0
2022,7,NONSEND,NONSEND,8,B,Y,1.0
2022,7,NONSEND,NONSEND,8,F,Y,1.0
2022,7,NONSEND,NONSEND,8,J,V,1.0
2022,7,NONSEND,NONSEND,8,L,T,1.0
2022,8,A,T,9,A,T,21.0
2022,8,A,T,9,E,T,1.0
2022,8,A,U,9,A,U,3.0
2022,8,A,X,9,A,X,1.0
2022,8,A,X,9,NONSEND,NONSEND,1.0
2022,8,A,Y,9,A,Y,3.0
2022,8,B,T,9,A,T,1.0
2022,8,B,T,9,B,T,69.0
2022,8,B,T,9,G,T,1.0
2022,8,B,T,9,J,T,1.0
2022,8,B,T,9,NONSEND,NONSEND,1.0
2022,8,B,U,9,B,U,16.0
2022,8,B,X,9,A,X,1.0
2022,8,B,X,9,B,X,8.0
2022,8,B,X,9,J,X,1.0
2022,8,B,X,9,NONSEND,NONSEND,1.0
2022,8,B,Y,9,B,Y,6.0
2022,8,B,Y,9,H,Y,1.0
2022,8,D,X,9,D,X,1.0
2022,8,D,X,9,NONSEND,NONSEND,1.0
2022,8,E,T,9,E,T,1.0
2022,8,E,U,9,E,U,1.0
2022,8,F,Y,9,F,Y,8.0
2022,8,F,Y,9,NONSEND,NONSEND,1.0
2022,8,G,T,9,G,T,1.0
2022,8,G,Y,9,G,Y,1.0
2022,8,H,T,9,H,T,1.0
2022,8,H,U,9,H,U,1.0
2022,8,H,Y,9,H,Y,1.0
2022,8,I,T,9,I,T,2.0
2022,8,I,U,9,I,U,1.0
2022,8,I,V,9,I,V,1.0
2022,8,I,X,9,I,X,2.0
2022,8,I,Y,9,I,Y,1.0
2022,8,J,U,9,J,U,1.0
2022,8,L,T,9,L,T,3.0
2022,8,L,U,9,L,U,1.0
2022,8,L,U,9,NONSEND,NONSEND,1.0
2022,8,L,X,9,L,X,1.0
2022,8,L,Y,9,L,Y,1.0
2022,8,NONSEND,NONSEND,9,B,U,2.0
2022,8,NONSEND,NONSEND,9,B,V,1.0
2022,8,NONSEND,NONSEND,9,B,X,1.0
2022,8,NONSEND,NONSEND,9,B,Y,1.0
2022,8,NONSEND,NONSEND,9,D,X,1.0
2022,8,NONSEND,NONSEND,9,N,X,1.0
2022,8,R,T,9,R,T,1.0
2022,9,A,T,10,A,T,26.0
2022,9,A,T,10,L,T,1.0
2022,9,A,T,10,NONSEND,NONSEND,1.0
2022,9,A,U,10,A,U,12.0
2022,9,A,X,10,A,X,2.0
2022,9,A,Y,10,A,Y,1.0
2022,9,B,T,10,B,T,66.0
2022,9,B,T,10,NONSEND,NONSEND,1.0
2022,9,B,U,10,B,U,18.0
2022,9,B,V,10,B,V,1.0
2022,9,B,X,10,B,X,6.0
2022,9,B,X,10,D,X,1.0
2022,9,B,Y,10,B,Y,6.0
2022,9,D,X,10,D,X,2.0
2022,9,E,T,10,E,T,3.0
2022,9,F,Y,10,F,Y,4.0
2022,9,G,T,10,G,T,2.0
2022,9,G,Y,10,NONSEND,NONSEND,1.0
2022,9,H,T,10,H,T,3.0
2022,9,H,Y,10,H,Y,1.0
2022,9,I,T,10,I,T,3.0
2022,9,I,U,10,I,U,1.0
2022,9,I,V,10,I,V,1.0
2022,9,I,X,10,I,X,1.0
2022,9,I,Y,10,I,Y,1.0
2022,9,J,T,10,J,T,1.0
2022,9,J,U,10,J,U,2.0
2022,9,J,X,10,J,X,1.0
2022,9,L,T,10,L,T,4.0
2022,9,L,U,10,L,U,1.0
2022,9,L,Y,10,L,Y,1.0
2022,9,NONSEND,NONSEND,10,B,T,1.0
2022,9,NONSEND,NONSEND,10,B,U,1.0
2022,9,NONSEND,NONSEND,10,B,X,1.0
2022,9,NONSEND,NONSEND,10,J,X,1.0
2022,9,NONSEND,NONSEND,10,L,U,1.0
2022,9,NONSEND,NONSEND,10,R,W,1.0
2022,9,NONSEND,NONSEND,10,R,X,2.0
2022,9,R,X,10,R,X,1.0
2022,10,A,T,11,A,T,25.0
2022,10,A,T,11,H,T,1.0
2022,10,A,U,11,A,U,10.0
2022,10,A,V,11,A,V,1.0
2022,10,A,X,11,A,X,2.0
2022,10,A,Y,11,A,Y,2.0
2022,10,B,T,11,B,T,78.0
2022,10,B,T,11,E,T,1.0
2022,10,B,T,11,NONSEND,NONSEND,1.0
2022,10,B,U,11,B,U,16.0
2022,10,B,U,11,K,U,1.0
2022,10,B,U,11,N,U,1.0
2022,10,B,V,11,B,V,3.0
2022,10,B,X,11,B,X,6.0
2022,10,B,Y,11,B,Y,7.0
2022,10,D,X,11,D,X,3.0
2022,10,E,T,11,E,T,2.0
2022,10,E,V,11,E,V,1.0
2022,10,E,X,11,E,X,1.0
2022,10,F,U,11,F,U,1.0
2022,10,F,Y,11,F,Y,4.0
2022,10,G,T,11,G,T,2.0
2022,10,G,U,11,G,U,1.0
2022,10,G,X,11,G,X,1.0
2022,10,H,T,11,H,T,1.0
2022,10,H,Y,11,H,Y,1.0
2022,10,I,T,11,I,T,3.0
2022,10,I,X,11,I,X,1.0
2022,10,I,Y,11,I,Y,1.0
2022,10,J,T,11,J,T,1.0
2022,10,J,U,11,J,U,1.0
2022,10,J,X,11,J,X,2.0
2022,10,L,T,11,L,T,6.0
2022,10,L,U,11,L,U,2.0
2022,10,L,X,11,L,X,1.0
2022,10,L,Y,11,L,Y,1.0
2022,10,N,X,11,N,X,1.0
2022,10,NONSEND,NONSEND,11,B,T,1.0
2022,10,NONSEND,NONSEND,11,B,U,1.0
2022,10,NONSEND,NONSEND,11,B,X,2.0
2022,10,NONSEND,NONSEND,11,N,X,1.0
2022,10,NONSEND,NONSEND,11,R,W,1.0
2022,10,NONSEND,NONSEND,11,R,X,2.0
2022,10,R,W,11,R,W,1.0
2022,10,R,X,11,R,X,2.0
2022,11,A,T,12,A,T,17.0
2022,11,A,U,12,A,U,8.0
2022,11,A,X,12,A,X,2.0
2022,11,B,T,12,B,T,56.0
2022,11,B,T,12,J,T,3.0
2022,11,B,T,12,NONSEND,NONSEND,1.0
2022,11,B,U,12,B,U,15.0
2022,11,B,V,12,B,V,1.0
2022,11,B,X,12,B,X,5.0
2022,11,B,X,12,N,X,1.0
2022,11,B,Y,12,B,Y,6.0
2022,11,D,X,12,D,X,3.0
2022,11,D,X,12,N,X,1.0
2022,11,E,T,12,E,T,2.0
2022,11,E,U,12,E,U,1.0
2022,11,E,X,12,E,X,1.0
2022,11,F,Y,12,F,Y,4.0
2022,11,G,T,12,G,T,2.0
2022,11,G,T,12,NONSEND,NONSEND,1.0
2022,11,G,X,12,G,X,1.0
2022,11,H,T,12,H,T,1.0
2022,11,H,U,12,H,U,1.0
2022,11,H,Y,12,H,Y,1.0
2022,11,I,T,12,I,T,3.0
2022,11,I,X,12,I,X,1.0
2022,11,I,Y,12,I,Y,1.0
2022,11,J,U,12,J,U,2.0
2022,11,J,X,12,J,X,1.0
2022,11,K,U,12,K,U,1.0
2022,11,L,T,12,C,T,1.0
2022,11,L,T,12,L,T,2.0
2022,11,L,U,12,L,U,2.0
2022,11,N,U,12,N,U,2.0
2022,11,N,X,12,N,X,2.0
2022,11,NONSEND,NONSEND,12,B,U,1.0
2022,11,NONSEND,NONSEND,12,B,X,1.0
2022,11,NONSEND,NONSEND,12,N,X,1.0
2022,11,NONSEND,NONSEND,12,R,X,1.0
2022,11,R,U,12,R,U,1.0
2022,11,R,W,12,NONSEND,NONSEND,2.0
2022,11,R,W,12,R,W,1.0
2022,11,R,X,12,NONSEND,NONSEND,1.0
2022,11,R,X,12,R,X,4.0
2022,12,A,T,13,A,T,16.0
2022,12,A,U,13,A,U,2.0
2022,12,A,V,13,A,V,1.0
2022,12,A,X,13,A,X,1.0
2022,12,A,X,13,NONSEND,NONSEND,1.0
2022,12,A,Y,13,A,Y,1.0
2022,12,B,T,13,B,T,25.0
2022,12,B,T,13,J,T,1.0
2022,12,B,T,13,NONSEND,NONSEND,14.0
2022,12,B,T,13,S,T,4.0
2022,12,B,U,13,B,U,17.0
2022,12,B,U,13,NONSEND,NONSEND,6.0
2022,12,B,U,13,S,U,1.0
2022,12,B,V,13,B,V,2.0
2022,12,B,V,13,NONSEND,NONSEND,1.0
2022,12,B,X,13,B,X,1.0
2022,12,B,X,13,NONSEND,NONSEND,3.0
2022,12,B,X,13,S,X,1.0
2022,12,B,Y,13,B,Y,8.0
2022,12,B,Y,13,NONSEND,NONSEND,1.0
2022,12,D,X,13,D,X,4.0
2022,12,E,T,13,E,T,5.0
2022,12,E,T,13,NONSEND,NONSEND,1.0
2022,12,E,U,13,E,U,1.0
2022,12,E,X,13,E,X,1.0
2022,12,E,X,13,NONSEND,NONSEND,1.0
2022,12,F,Y,13,F,Y,1.0
2022,12,F,Y,13,NONSEND,NONSEND,2.0
2022,12,G,T,13,G,T,1.0
2022,12,G,X,13,G,X,2.0
2022,12,H,T,13,H,T,1.0
2022,12,H,Y,13,H,Y,1.0
2022,12,I,T,13,I,T,3.0
2022,12,I,X,13,I,X,1.0
2022,12,I,Y,13,I,Y,1.0
2022,12,I,Y,13,NONSEND,NONSEND,1.0
2022,12,J,T,13,J,T,2.0
2022,12,J,T,13,NONSEND,NONSEND,1.0
2022,12,J,U,13,J,U,2.0
2022,12,J,U,13,NONSEND,NONSEND,1.0
2022,12,J,X,13,NONSEND,NONSEND,1.0
2022,12,K,T,13,K,T,1.0
2022,12,K,U,13,K,U,1.0
2022,12,L,T,13,L,T,1.0
2022,12,L,U,13,L,U,1.0
2022,12,N,U,13,A,U,1.0
2022,12,N,U,13,NONSEND,NONSEND,2.0
2022,12,N,X,13,N,X,2.0
2022,12,N,X,13,NONSEND,NONSEND,3.0
2022,12,NONSEND,NONSEND,13,B,U,1.0
2022,12,NONSEND,NONSEND,13,N,X,1.0
2022,12,NONSEND,NONSEND,13,R,T,1.0
2022,12,NONSEND,NONSEND,13,R,U,1.0
2022,12,R,W,13,R,W,1.0
2022,12,R,X,13,NONSEND,NONSEND,4.0
2022,13,A,T,14,A,T,9.0
2022,13,A,T,14,NONSEND,NONSEND,1.0
2022,13,A,U,14,A,U,6.0
2022,13,B,T,14,B,T,16.0
2022,13,B,T,14,NONSEND,NONSEND,5.0
2022,13,B,T,14,S,T,1.0
2022,13,B,U,14,B,U,9.0
2022,13,B,U,14,NONSEND,NONSEND,7.0
2022,13,B,U,14,S,U,1.0
2022,13,B,Y,14,B,Y,9.0
2022,13,B,Y,14,NONSEND,NONSEND,2.0
2022,13,C,T,14,C,T,1.0
2022,13,D,X,14,D,X,2.0
2022,13,E,T,14,E,T,1.0
2022,13,E,T,14,NONSEND,NONSEND,1.0
2022,13,F,Y,14,NONSEND,NONSEND,1.0
2022,13,G,T,14,G,T,1.0
2022,13,G,X,14,G,X,1.0
2022,13,J,T,14,J,T,1.0
2022,13,J,T,14,NONSEND,NONSEND,1.0
2022,13,J,U,14,J,U,1.0
2022,13,K,U,14,K,U,1.0
2022,13,L,X,14,L,X,1.0
2022,13,L,Y,14,L,Y,1.0
2022,13,N,T,14,N,T,1.0
2022,13,N,X,14,N,X,2.0
2022,13,N,X,14,NONSEND,NONSEND,1.0
2022,13,NONSEND,NONSEND,14,L,T,1.0
2022,13,NONSEND,NONSEND,14,S,V,1.0
2022,13,R,T,14,R,T,1.0
2022,13,R,U,14,R,U,1.0
2022,13,R,W,14,R,W,1.0
2022,13,S,T,14,S,T,4.0
2022,13,S,U,14,S,U,1.0
2022,13,S,X,14,S,X,1.0
2022,14,A,T,15,A,T,11.0
2022,14,A,T,15,NONSEND,NONSEND,2.0
2022,14,A,U,15,A,U,9.0
2022,14,A,U,15,NONSEND,NONSEND,3.0
2022,14,A,X,15,A,X,1.0
2022,14,A,Y,15,A,Y,1.0
2022,14,B,T,15,B,T,11.0
2022,14,B,T,15,NONSEND,NONSEND,9.0
2022,14,B,T,15,S,T,2.0
2022,14,B,U,15,B,U,3.0
2022,14,B,U,15,NONSEND,NONSEND,3.0
2022,14,B,U,15,S,U,1.0
2022,14,B,V,15,B,V,1.0
2022,14,B,X,15,NONSEND,NONSEND,1.0
2022,14,B,Y,15,B,Y,1.0
2022,14,B,Y,15,NONSEND,NONSEND,2.0
2022,14,C,T,15,C,T,2.0
2022,14,C,T,15,NONSEND,NONSEND,1.0
2022,14,G,X,15,G,X,1.0
2022,14,H,T,15,H,T,3.0
2022,14,H,U,15,H,U,1.0
2022,14,H,Y,15,H,Y,1.0
2022,14,I,T,15,I,T,1.0
2022,14,I,T,15,NONSEND,NONSEND,1.0
2022,14,J,T,15,J,T,1.0
2022,14,J,T,15,NONSEND,NONSEND,1.0
2022,14,J,U,15,J,U,1.0
2022,14,L,T,15,L,T,3.0
2022,14,L,T,15,NONSEND,NONSEND,1.0
2022,14,L,U,15,L,U,2.0
2022,14,L,X,15,L,X,1.0
2022,14,L,Y,15,L,Y,1.0
2022,14,N,T,15,N,T,1.0
2022,14,N,T,15,NONSEND,NONSEND,1.0
2022,14,N,X,15,N,X,4.0
2022,14,R,T,15,R,T,1.0
2022,14,R,U,15,NONSEND,NONSEND,1.0
2022,14,S,T,15,NONSEND,NONSEND,3.0
2022,14,S,T,15,S,T,5.0
2022,14,S,U,15,NONSEND,NONSEND,1.0
2022,14,S,U,15,S,U,1.0
2022,14,S,V,15,S,V,1.0
2022,14,S,X,15,S,X,1.0
2022,14,S,Y,15,S,Y,1.0
2022,15,A,T,16,A,T,1.0
2022,15,A,T,16,NONSEND,NONSEND,2.0
2022,15,A,T,16,S,T,2.0
2022,15,A,U,16,A,U,1.0
2022,15,A,U,16,NONSEND,NONSEND,5.0
2022,15,A,U,16,S,U,3.0
2022,15,A,V,16,NONSEND,NONSEND,1.0
2022,15,B,T,16,B,T,2.0
2022,15,B,T,16,NONSEND,NONSEND,6.0
2022,15,B,U,16,NONSEND,NONSEND,1.0
2022,15,B,U,16,S,U,1.0
2022,15,B,Y,16,NONSEND,NONSEND,1.0
2022,15,C,T,16,NONSEND,NONSEND,1.0
2022,15,G,X,16,NONSEND,NONSEND,1.0
2022,15,H,T,16,NONSEND,NONSEND,1.0
2022,15,H,U,16,NONSEND,NONSEND,1.0
2022,15,J,T,16,NONSEND,NONSEND,1.0
2022,15,L,T,16,NONSEND,NONSEND,1.0
2022,15,N,T,16,NONSEND,NONSEND,1.0
2022,15,N,X,16,N,X,2.0
2022,15,N,X,16,NONSEND,NONSEND,1.0
2022,15,R,T,16,NONSEND,NONSEND,1.0
2022,15,S,T,16,J,T,3.0
2022,15,S,T,16,NONSEND,NONSEND,1.0
2022,15,S,T,16,S,T,1.0
2022,15,S,U,16,NONSEND,NONSEND,1.0
2022,15,S,X,16,NONSEND,NONSEND,1.0
2022,16,A,T,17,A,T,1.0
2022,16,B,T,17,B,T,2.0
2022,16,J,T,17,J,T,2.0
2022,16,J,T,17,NONSEND,NONSEND,1.0
2022,16,S,T,17,J,T,3.0
2022,16,S,T,17,NONSEND,NONSEND,1.0
2022,16,S,T,17,S,T,2.0
2022,16,S,U,17,S,U,3.0
2022,16,S,X,17,S,X,1.0
2022,16,S,Y,17,S,Y,1.0
2022,17,B,T,18,B,T,1.0
2022,17,J,T,18,J,T,3.0
2022,17,J,U,18,J,U,1.0
2022,17,J,X,18,J,X,1.0
2022,17,N,X,18,N,X,1.0
2022,17,NONSEND,NONSEND,18,N,X,1.0
2022,17,NONSEND,NONSEND,18,S,T,1.0
2022,17,S,T,18,S,T,2.0
2022,17,S,U,18,S,U,3.0
2022,17,S,X,18,S,X,2.0
2022,17,S,Y,18,S,Y,2.0
2022,18,N,X,19,NONSEND,NONSEND,1.0
2022,18,S,T,19,NONSEND,NONSEND,3.0
2022,18,S,U,19,NONSEND,NONSEND,3.0
2022,18,S,U,19,S,U,1.0
2022,18,S,V,19,NONSEND,NONSEND,1.0
2022,18,S,W,19,NONSEND,NONSEND,2.0
2022,18,S,X,19,NONSEND,NONSEND,1.0
2022,18,S,Y,19,NONSEND,NONSEND,2.0
2022,20,S,Y,21,NONSEND,NONSEND,1.0
